payoff,monthly,axis,offset,replicate,delta_krw
detailed,False,base,0.0,0,0.0
detailed,False,base,0.0,1,0.0
detailed,False,base,0.0,2,0.0
detailed,False,coupon_regular,-0.01,0,-55.53154000773882
detailed,False,coupon_regular,-0.01,1,-55.58122794044966
detailed,False,coupon_regular,-0.01,2,-55.538340955702154
detailed,False,coupon_regular,-0.005,0,-27.765770003869477
detailed,False,coupon_regular,-0.005,1,-27.790613970224893
detailed,False,coupon_regular,-0.005,2,-27.76917047785114
detailed,False,coupon_regular,-0.0025,0,-13.882885001934843
detailed,False,coupon_regular,-0.0025,1,-13.895306985112551
detailed,False,coupon_regular,-0.0025,2,-13.884585238925675
detailed,False,coupon_regular,-0.001,0,-5.5531540007740245
detailed,False,coupon_regular,-0.001,1,-5.558122794045107
detailed,False,coupon_regular,-0.001,2,-5.553834095570356
detailed,False,coupon_regular,0.001,0,5.553154000773981
detailed,False,coupon_regular,0.001,1,5.558122794045065
detailed,False,coupon_regular,0.001,2,5.553834095570313
detailed,False,coupon_regular,0.0025,0,13.882885001934769
detailed,False,coupon_regular,0.0025,1,13.895306985112478
detailed,False,coupon_regular,0.0025,2,13.8845852389256
detailed,False,coupon_regular,0.005,0,27.765770003869424
detailed,False,coupon_regular,0.005,1,27.79061397022484
detailed,False,coupon_regular,0.005,2,27.769170477851084
detailed,False,coupon_regular,0.01,0,55.53154000773883
detailed,False,coupon_regular,0.01,1,55.58122794044967
detailed,False,coupon_regular,0.01,2,55.53834095570216
detailed,False,first_strike,-0.05,0,24.929528968473896
detailed,False,first_strike,-0.05,1,25.642987799177213
detailed,False,first_strike,-0.05,2,25.795414793156997
detailed,False,first_strike,-0.025,0,10.036700685531256
detailed,False,first_strike,-0.025,1,10.555681533339998
detailed,False,first_strike,-0.025,2,10.279652128673337
detailed,False,first_strike,-0.01,0,3.337159006195349
detailed,False,first_strike,-0.01,1,3.676330126404998
detailed,False,first_strike,-0.01,2,3.6280176911209896
detailed,False,first_strike,-0.005,0,1.5529417133331451
detailed,False,first_strike,-0.005,1,1.8466370853602705
detailed,False,first_strike,-0.005,2,1.7073755246582583
detailed,False,first_strike,0.005,0,-1.525104779520143
detailed,False,first_strike,0.005,1,-1.576519258067067
detailed,False,first_strike,0.005,2,-1.5326362142250711
detailed,False,first_strike,0.01,0,-2.818847522520744
detailed,False,first_strike,0.01,1,-2.938883948928727
detailed,False,first_strike,0.01,2,-2.993283953165561
detailed,False,first_strike,0.025,0,-6.0169132967124055
detailed,False,first_strike,0.025,1,-5.9242080058143305
detailed,False,first_strike,0.025,2,-5.863606594917767
detailed,False,first_strike,0.05,0,-8.320133634559312
detailed,False,first_strike,0.05,1,-8.150644467700777
detailed,False,first_strike,0.05,2,-8.397135010688356
detailed,False,ki_barrier,-0.05,0,58.10780843293394
detailed,False,ki_barrier,-0.05,1,58.02340454738091
detailed,False,ki_barrier,-0.05,2,58.29748961040941
detailed,False,ki_barrier,-0.025,0,28.73712824176222
detailed,False,ki_barrier,-0.025,1,28.88382404928411
detailed,False,ki_barrier,-0.025,2,28.570144410817345
detailed,False,ki_barrier,-0.01,0,11.53818537824636
detailed,False,ki_barrier,-0.01,1,11.325187666263181
detailed,False,ki_barrier,-0.01,2,11.082525544045236
detailed,False,ki_barrier,-0.005,0,5.505227761884583
detailed,False,ki_barrier,-0.005,1,5.444121293213943
detailed,False,ki_barrier,-0.005,2,5.540197611788109
detailed,False,ki_barrier,0.005,0,-5.512950139633922
detailed,False,ki_barrier,0.005,1,-5.622117193733394
detailed,False,ki_barrier,0.005,2,-5.455397414768659
detailed,False,ki_barrier,0.01,0,-10.849267969811748
detailed,False,ki_barrier,0.01,1,-11.03135650856814
detailed,False,ki_barrier,0.01,2,-11.068478189794385
detailed,False,ki_barrier,0.025,0,-26.52277427343622
detailed,False,ki_barrier,0.025,1,-26.657371013341443
detailed,False,ki_barrier,0.025,2,-26.63686372063757
detailed,False,ki_barrier,0.05,0,-50.4869006491756
detailed,False,ki_barrier,0.05,1,-50.21372765043528
detailed,False,ki_barrier,0.05,2,-50.06204803990285
detailed,False,last_strike,-0.05,0,38.591614579499556
detailed,False,last_strike,-0.05,1,38.46138372760196
detailed,False,last_strike,-0.05,2,39.0983293738584
detailed,False,last_strike,-0.025,0,18.245622818237297
detailed,False,last_strike,-0.025,1,18.147927913820908
detailed,False,last_strike,-0.025,2,18.495732016962304
detailed,False,last_strike,-0.01,0,7.154641677367824
detailed,False,last_strike,-0.01,1,6.89629671991146
detailed,False,last_strike,-0.01,2,7.174959436495693
detailed,False,last_strike,-0.005,0,3.5569540202277588
detailed,False,last_strike,-0.005,1,3.4572367333951584
detailed,False,last_strike,-0.005,2,3.5148726193439317
detailed,False,last_strike,0.005,0,-3.477789603368638
detailed,False,last_strike,0.005,1,-3.445414367978834
detailed,False,last_strike,0.005,2,-3.4910884079791376
detailed,False,last_strike,0.01,0,-6.715505674324477
detailed,False,last_strike,0.01,1,-6.856311003849817
detailed,False,last_strike,0.01,2,-6.734020930550534
detailed,False,last_strike,0.025,0,-16.29169235965009
detailed,False,last_strike,0.025,1,-16.380808657924682
detailed,False,last_strike,0.025,2,-16.0681122068683
detailed,False,last_strike,0.05,0,-30.051062955728
detailed,False,last_strike,0.05,1,-30.65156843803873
detailed,False,last_strike,0.05,2,-30.164407188502732
detailed,False,nobs_early,1.0,0,11.67846712687009
detailed,False,nobs_early,1.0,1,12.190021633878798
detailed,False,nobs_early,1.0,2,12.390128649364096
detailed,False,nobs_late,1.0,0,1.8375448291138283
detailed,False,nobs_late,1.0,1,2.0873282072473325
detailed,False,nobs_late,1.0,2,2.060488747175548
detailed,False,nobs_middle,1.0,0,2.295207040421271
detailed,False,nobs_middle,1.0,1,2.3890388316290845
detailed,False,nobs_middle,1.0,2,2.277603355858268
detailed,False,tenor_months,-12.0,0,47.58707691744198
detailed,False,tenor_months,-12.0,1,47.55307843830426
detailed,False,tenor_months,-12.0,2,47.925409025806836
detailed,False,tenor_months,-6.0,0,24.07637410252608
detailed,False,tenor_months,-6.0,1,25.001781149004227
detailed,False,tenor_months,-6.0,2,25.101760110851277
detailed,False,tenor_months,-3.0,0,11.956549659301956
detailed,False,tenor_months,-3.0,1,12.588696692606504
detailed,False,tenor_months,-3.0,2,12.598689119335994
detailed,False,tenor_months,-1.0,0,3.640519699929362
detailed,False,tenor_months,-1.0,1,4.2747286376457465
detailed,False,tenor_months,-1.0,2,4.116783665624906
detailed,False,tenor_months,1.0,0,-4.098679160818966
detailed,False,tenor_months,1.0,1,-4.3038736377278095
detailed,False,tenor_months,1.0,2,-3.815723083865873
detailed,False,tenor_months,3.0,0,-12.79971804351269
detailed,False,tenor_months,3.0,1,-12.647156883032926
detailed,False,tenor_months,3.0,2,-11.829029921544262
detailed,False,tenor_months,6.0,0,-25.341520402492925
detailed,False,tenor_months,6.0,1,-24.678693481459156
detailed,False,tenor_months,6.0,2,-24.818533762286755
detailed,False,tenor_months,12.0,0,-51.30186856684297
detailed,False,tenor_months,12.0,1,-50.20741410346613
detailed,False,tenor_months,12.0,2,-49.682144690939566
detailed,True,base,0.0,0,0.0
detailed,True,base,0.0,1,0.0
detailed,True,base,0.0,2,0.0
detailed,True,coupon_regular,-0.01,0,-93.71918057871504
detailed,True,coupon_regular,-0.01,1,-93.68602543713668
detailed,True,coupon_regular,-0.01,2,-93.69539421228752
detailed,True,coupon_regular,-0.005,0,-46.859590289357556
detailed,True,coupon_regular,-0.005,1,-46.843012718568374
detailed,True,coupon_regular,-0.005,2,-46.8476971061438
detailed,True,coupon_regular,-0.0025,0,-23.429795144678828
detailed,True,coupon_regular,-0.0025,1,-23.421506359284237
detailed,True,coupon_regular,-0.0025,2,-23.42384855307195
detailed,True,coupon_regular,-0.001,0,-9.371918057871483
detailed,True,coupon_regular,-0.001,1,-9.368602543713646
detailed,True,coupon_regular,-0.001,2,-9.369539421228732
detailed,True,coupon_regular,0.001,0,9.371918057871563
detailed,True,coupon_regular,0.001,1,9.368602543713727
detailed,True,coupon_regular,0.001,2,9.369539421228811
detailed,True,coupon_regular,0.0025,0,23.429795144678735
detailed,True,coupon_regular,0.0025,1,23.421506359284145
detailed,True,coupon_regular,0.0025,2,23.423848553071856
detailed,True,coupon_regular,0.005,0,46.85959028935758
detailed,True,coupon_regular,0.005,1,46.843012718568396
detailed,True,coupon_regular,0.005,2,46.84769710614382
detailed,True,coupon_regular,0.01,0,93.71918057871504
detailed,True,coupon_regular,0.01,1,93.68602543713668
detailed,True,coupon_regular,0.01,2,93.69539421228752
detailed,True,first_strike,-0.05,0,8.09803845589578
detailed,True,first_strike,-0.05,1,8.23443325840536
detailed,True,first_strike,-0.05,2,8.352212769200062
detailed,True,first_strike,-0.025,0,2.1733976961368855
detailed,True,first_strike,-0.025,1,2.2634965392628543
detailed,True,first_strike,-0.025,2,2.1694981521556453
detailed,True,first_strike,-0.01,0,0.5451132895311924
detailed,True,first_strike,-0.01,1,0.5270019689183996
detailed,True,first_strike,-0.01,2,0.4115900664481589
detailed,True,first_strike,-0.005,0,0.2912107961396325
detailed,True,first_strike,-0.005,1,0.16650826481256584
detailed,True,first_strike,-0.005,2,0.19488029642890484
detailed,True,first_strike,0.005,0,-0.026092595087912215
detailed,True,first_strike,0.005,1,-0.0029812620069971235
detailed,True,first_strike,0.005,2,-0.10576681170697824
detailed,True,first_strike,0.01,0,0.02536712978559519
detailed,True,first_strike,0.01,1,0.020509110221396565
detailed,True,first_strike,0.01,2,-0.07599518601287128
detailed,True,first_strike,0.025,0,0.6769644319405395
detailed,True,first_strike,0.025,1,0.5505739282218047
detailed,True,first_strike,0.025,2,0.5757890717151877
detailed,True,first_strike,0.05,0,3.044992740245413
detailed,True,first_strike,0.05,1,2.7857417251989123
detailed,True,first_strike,0.05,2,2.686895156715345
detailed,True,ki_barrier,-0.05,0,120.48256706722086
detailed,True,ki_barrier,-0.05,1,120.7765669841629
detailed,True,ki_barrier,-0.05,2,120.96371391635576
detailed,True,ki_barrier,-0.025,0,58.16576817800746
detailed,True,ki_barrier,-0.025,1,58.7626271775303
detailed,True,ki_barrier,-0.025,2,58.40526864054647
detailed,True,ki_barrier,-0.01,0,22.73301163846718
detailed,True,ki_barrier,-0.01,1,23.27252584877517
detailed,True,ki_barrier,-0.01,2,23.112470373231975
detailed,True,ki_barrier,-0.005,0,11.402135949652738
detailed,True,ki_barrier,-0.005,1,11.48788883410428
detailed,True,ki_barrier,-0.005,2,11.310530150857586
detailed,True,ki_barrier,0.005,0,-11.447279986205755
detailed,True,ki_barrier,0.005,1,-11.112347879001682
detailed,True,ki_barrier,0.005,2,-10.972433025519559
detailed,True,ki_barrier,0.01,0,-22.50173892841507
detailed,True,ki_barrier,0.01,1,-21.914408564192044
detailed,True,ki_barrier,0.01,2,-22.049393968209813
detailed,True,ki_barrier,0.025,0,-54.089297276566455
detailed,True,ki_barrier,0.025,1,-53.98610182050394
detailed,True,ki_barrier,0.025,2,-53.50972474271161
detailed,True,ki_barrier,0.05,0,-102.22239157278531
detailed,True,ki_barrier,0.05,1,-101.8792986005271
detailed,True,ki_barrier,0.05,2,-101.97764915573862
detailed,True,last_strike,-0.05,0,31.932587848079525
detailed,True,last_strike,-0.05,1,32.0646896060256
detailed,True,last_strike,-0.05,2,31.834306757401663
detailed,True,last_strike,-0.025,0,15.28838203660252
detailed,True,last_strike,-0.025,1,15.480215488542795
detailed,True,last_strike,-0.025,2,15.14984404572938
detailed,True,last_strike,-0.01,0,6.003597380096193
detailed,True,last_strike,-0.01,1,5.988956372500063
detailed,True,last_strike,-0.01,2,5.925269909351032
detailed,True,last_strike,-0.005,0,2.9530480791608102
detailed,True,last_strike,-0.005,1,3.0071652123068824
detailed,True,last_strike,-0.005,2,2.971650126317915
detailed,True,last_strike,0.005,0,-2.810162477908614
detailed,True,last_strike,0.005,1,-2.9597676010985223
detailed,True,last_strike,0.005,2,-2.8946611624545264
detailed,True,last_strike,0.01,0,-5.685574265877378
detailed,True,last_strike,0.01,1,-5.787808995280363
detailed,True,last_strike,0.01,2,-5.82172560022242
detailed,True,last_strike,0.025,0,-13.825502304486045
detailed,True,last_strike,0.025,1,-13.926385647733234
detailed,True,last_strike,0.025,2,-13.891037255196403
detailed,True,last_strike,0.05,0,-25.813201476667768
detailed,True,last_strike,0.05,1,-26.030362055915102
detailed,True,last_strike,0.05,2,-25.880682991623164
detailed,True,monthly_barrier,-0.05,0,29.140740060632798
detailed,True,monthly_barrier,-0.05,1,29.16304218330407
detailed,True,monthly_barrier,-0.05,2,29.076541540368336
detailed,True,monthly_barrier,-0.025,0,15.476391557046364
detailed,True,monthly_barrier,-0.025,1,15.519471456237294
detailed,True,monthly_barrier,-0.025,2,15.458636155733895
detailed,True,monthly_barrier,-0.01,0,6.430601241748327
detailed,True,monthly_barrier,-0.01,1,6.432987197317241
detailed,True,monthly_barrier,-0.01,2,6.407754885246012
detailed,True,monthly_barrier,-0.005,0,3.2533426088479542
detailed,True,monthly_barrier,-0.005,1,3.247732859016454
detailed,True,monthly_barrier,-0.005,2,3.238401582548652
detailed,True,monthly_barrier,0.005,0,-3.2049940528080394
detailed,True,monthly_barrier,0.005,1,-3.2021944968513645
detailed,True,monthly_barrier,0.005,2,-3.2069808966621327
detailed,True,monthly_barrier,0.01,0,-6.492708490858483
detailed,True,monthly_barrier,0.01,1,-6.4892982461375475
detailed,True,monthly_barrier,0.01,2,-6.484834763311782
detailed,True,monthly_barrier,0.025,0,-16.788174950612603
detailed,True,monthly_barrier,0.025,1,-16.82618022784154
detailed,True,monthly_barrier,0.025,2,-16.784100273518522
detailed,True,monthly_barrier,0.05,0,-35.56113132506294
detailed,True,monthly_barrier,0.05,1,-35.5620053071374
detailed,True,monthly_barrier,0.05,2,-35.47421351206417
detailed,True,nobs_early,1.0,0,-50.098815898089974
detailed,True,nobs_early,1.0,1,-49.49188742438962
detailed,True,nobs_early,1.0,2,-50.05323314141485
detailed,True,nobs_late,1.0,0,2.567679244053879
detailed,True,nobs_late,1.0,1,2.5509393561382616
detailed,True,nobs_late,1.0,2,2.627423388481386
detailed,True,nobs_middle,1.0,0,0.30644148195177956
detailed,True,nobs_middle,1.0,1,0.3471201942793378
detailed,True,nobs_middle,1.0,2,0.4537279082997469
detailed,True,tenor_months,-12.0,0,18.661943430949194
detailed,True,tenor_months,-12.0,1,19.124528352592634
detailed,True,tenor_months,-12.0,2,18.27068040252669
detailed,True,tenor_months,-6.0,0,3.514547068795516
detailed,True,tenor_months,-6.0,1,3.9425963658788317
detailed,True,tenor_months,-6.0,2,3.008037639664549
detailed,True,tenor_months,-3.0,0,-16.47669578587339
detailed,True,tenor_months,-3.0,1,-15.956466347864486
detailed,True,tenor_months,-3.0,2,-16.27062364077958
detailed,True,tenor_months,-1.0,0,-31.857180439706962
detailed,True,tenor_months,-1.0,1,-32.04740535601561
detailed,True,tenor_months,-1.0,2,-31.80396672821362
detailed,True,tenor_months,1.0,0,-11.15830134705459
detailed,True,tenor_months,1.0,1,-10.694335369008233
detailed,True,tenor_months,1.0,2,-10.813994008966846
detailed,True,tenor_months,3.0,0,-23.048551921418756
detailed,True,tenor_months,3.0,1,-23.329552202795448
detailed,True,tenor_months,3.0,2,-23.089322290058135
detailed,True,tenor_months,6.0,0,-16.706381169537572
detailed,True,tenor_months,6.0,1,-17.352048938504243
detailed,True,tenor_months,6.0,2,-16.097209679774235
detailed,True,tenor_months,12.0,0,-33.671206831242706
detailed,True,tenor_months,12.0,1,-34.172443905865535
detailed,True,tenor_months,12.0,2,-33.20130406021285
detailed_minus_reference,False,base,0.0,0,0.0
detailed_minus_reference,False,base,0.0,1,0.0
detailed_minus_reference,False,base,0.0,2,0.0
detailed_minus_reference,False,coupon_regular,-0.01,0,-1.8280716763701816
detailed_minus_reference,False,coupon_regular,-0.01,1,-1.8298753761343451
detailed_minus_reference,False,coupon_regular,-0.01,2,-1.7943276116480402
detailed_minus_reference,False,coupon_regular,-0.005,0,-0.9140503431850098
detailed_minus_reference,False,coupon_regular,-0.005,1,-0.914951859828232
detailed_minus_reference,False,coupon_regular,-0.005,2,-0.8971782972615532
detailed_minus_reference,False,coupon_regular,-0.0025,0,-0.45703289831035054
detailed_minus_reference,False,coupon_regular,-0.0025,1,-0.4574833208319657
detailed_minus_reference,False,coupon_regular,-0.0025,2,-0.4485966940899666
detailed_minus_reference,False,coupon_regular,-0.001,0,-0.1828106873380005
detailed_minus_reference,False,coupon_regular,-0.001,1,-0.1829905886146885
detailed_minus_reference,False,coupon_regular,-0.001,2,-0.17943634159965904
detailed_minus_reference,False,coupon_regular,0.001,0,0.18278409540089918
detailed_minus_reference,False,coupon_regular,0.001,1,0.1829646036670769
detailed_minus_reference,False,coupon_regular,0.001,2,0.17940954581932922
detailed_minus_reference,False,coupon_regular,0.0025,0,0.45704396253887836
detailed_minus_reference,False,coupon_regular,0.0025,1,0.4574949950767808
detailed_minus_reference,False,coupon_regular,0.0025,2,0.4486075360816443
detailed_minus_reference,False,coupon_regular,0.005,0,0.9140457535108931
detailed_minus_reference,False,coupon_regular,0.005,1,0.914947663521489
detailed_minus_reference,False,coupon_regular,0.005,2,0.897173078479037
detailed_minus_reference,False,coupon_regular,0.01,0,1.8279949094294297
detailed_minus_reference,False,coupon_regular,0.01,1,1.8297984391108093
detailed_minus_reference,False,coupon_regular,0.01,2,1.7942504956941532
detailed_minus_reference,False,first_strike,-0.05,0,-7.649637392927905
detailed_minus_reference,False,first_strike,-0.05,1,-7.164683619869316
detailed_minus_reference,False,first_strike,-0.05,2,-6.6669156961241605
detailed_minus_reference,False,first_strike,-0.025,0,-3.6038840677547643
detailed_minus_reference,False,first_strike,-0.025,1,-3.055910011899208
detailed_minus_reference,False,first_strike,-0.025,2,-3.0145877848184273
detailed_minus_reference,False,first_strike,-0.01,0,-1.356403958145905
detailed_minus_reference,False,first_strike,-0.01,1,-1.024024842389274
detailed_minus_reference,False,first_strike,-0.01,2,-1.1835843278344653
detailed_minus_reference,False,first_strike,-0.005,0,-0.6798108858236659
detailed_minus_reference,False,first_strike,-0.005,1,-0.40802803260521686
detailed_minus_reference,False,first_strike,-0.005,2,-0.5425233119768531
detailed_minus_reference,False,first_strike,0.005,0,0.56556617916508
detailed_minus_reference,False,first_strike,0.005,1,0.5707154198593957
detailed_minus_reference,False,first_strike,0.005,2,0.5409919906860031
detailed_minus_reference,False,first_strike,0.01,0,1.1358614452591353
detailed_minus_reference,False,first_strike,0.01,1,1.1889459811178464
detailed_minus_reference,False,first_strike,0.01,2,1.0864894233774556
detailed_minus_reference,False,first_strike,0.025,0,2.3944749911613
detailed_minus_reference,False,first_strike,0.025,1,2.721834599283715
detailed_minus_reference,False,first_strike,0.025,2,2.7580389963985694
detailed_minus_reference,False,first_strike,0.05,0,4.618862169801872
detailed_minus_reference,False,first_strike,0.05,1,5.115008745283258
detailed_minus_reference,False,first_strike,0.05,2,4.688892036057229
detailed_minus_reference,False,ki_barrier,-0.05,0,11.969345692588083
detailed_minus_reference,False,ki_barrier,-0.05,1,11.721153764771
detailed_minus_reference,False,ki_barrier,-0.05,2,11.877755963152318
detailed_minus_reference,False,ki_barrier,-0.025,0,6.084783051122613
detailed_minus_reference,False,ki_barrier,-0.025,1,5.9826029594041295
detailed_minus_reference,False,ki_barrier,-0.025,2,6.010658433301767
detailed_minus_reference,False,ki_barrier,-0.01,0,2.5534383686616806
detailed_minus_reference,False,ki_barrier,-0.01,1,2.4226420900465286
detailed_minus_reference,False,ki_barrier,-0.01,2,2.2917964952669325
detailed_minus_reference,False,ki_barrier,-0.005,0,1.191905417555374
detailed_minus_reference,False,ki_barrier,-0.005,1,1.1569197302011565
detailed_minus_reference,False,ki_barrier,-0.005,2,1.1703848494233642
detailed_minus_reference,False,ki_barrier,0.005,0,-1.1959076335668402
detailed_minus_reference,False,ki_barrier,0.005,1,-1.1561082410309984
detailed_minus_reference,False,ki_barrier,0.005,2,-1.0831666802089517
detailed_minus_reference,False,ki_barrier,0.01,0,-2.25309050499503
detailed_minus_reference,False,ki_barrier,0.01,1,-2.362909555043304
detailed_minus_reference,False,ki_barrier,0.01,2,-2.275515930297823
detailed_minus_reference,False,ki_barrier,0.025,0,-5.656653422186784
detailed_minus_reference,False,ki_barrier,0.025,1,-5.740754227302941
detailed_minus_reference,False,ki_barrier,0.025,2,-5.672376578591588
detailed_minus_reference,False,ki_barrier,0.05,0,-10.780668674644637
detailed_minus_reference,False,ki_barrier,0.05,1,-10.84828081060444
detailed_minus_reference,False,ki_barrier,0.05,2,-10.61900816884908
detailed_minus_reference,False,last_strike,-0.05,0,-14.460118482288118
detailed_minus_reference,False,last_strike,-0.05,1,-14.61963693967392
detailed_minus_reference,False,last_strike,-0.05,2,-14.198574858087122
detailed_minus_reference,False,last_strike,-0.025,0,-6.9812667239502675
detailed_minus_reference,False,last_strike,-0.025,1,-7.446019444957772
detailed_minus_reference,False,last_strike,-0.025,2,-7.0837021492926375
detailed_minus_reference,False,last_strike,-0.01,0,-2.836663363991914
detailed_minus_reference,False,last_strike,-0.01,1,-3.1341501502828217
detailed_minus_reference,False,last_strike,-0.01,2,-2.835645397280904
detailed_minus_reference,False,last_strike,-0.005,0,-1.4003311090045736
detailed_minus_reference,False,last_strike,-0.005,1,-1.5811913254526269
detailed_minus_reference,False,last_strike,-0.005,2,-1.4060258016250928
detailed_minus_reference,False,last_strike,0.005,0,1.3442582472141102
detailed_minus_reference,False,last_strike,0.005,1,1.4675748363049697
detailed_minus_reference,False,last_strike,0.005,2,1.3601484553154786
detailed_minus_reference,False,last_strike,0.01,0,2.8773501438959372
detailed_minus_reference,False,last_strike,0.01,1,2.9237016987195483
detailed_minus_reference,False,last_strike,0.01,2,2.8134309018975983
detailed_minus_reference,False,last_strike,0.025,0,7.074781826885838
detailed_minus_reference,False,last_strike,0.025,1,7.068311614491938
detailed_minus_reference,False,last_strike,0.025,2,7.04792087665812
detailed_minus_reference,False,last_strike,0.05,0,13.92018996670636
detailed_minus_reference,False,last_strike,0.05,1,13.727345043448231
detailed_minus_reference,False,last_strike,0.05,2,13.950221147074702
detailed_minus_reference,False,nobs_early,1.0,0,97.7860413462371
detailed_minus_reference,False,nobs_early,1.0,1,98.00724093984051
detailed_minus_reference,False,nobs_early,1.0,2,98.60279800571078
detailed_minus_reference,False,nobs_late,1.0,0,-61.83933262035974
detailed_minus_reference,False,nobs_late,1.0,1,-61.76668185958077
detailed_minus_reference,False,nobs_late,1.0,2,-61.93519562716671
detailed_minus_reference,False,nobs_middle,1.0,0,-41.0883255226307
detailed_minus_reference,False,nobs_middle,1.0,1,-41.33168238064987
detailed_minus_reference,False,nobs_middle,1.0,2,-41.13512693400633
detailed_minus_reference,False,tenor_months,-12.0,0,-26.95543301942202
detailed_minus_reference,False,tenor_months,-12.0,1,-26.81071898687994
detailed_minus_reference,False,tenor_months,-12.0,2,-26.493479342058457
detailed_minus_reference,False,tenor_months,-6.0,0,-13.02470307967234
detailed_minus_reference,False,tenor_months,-6.0,1,-12.697653814560955
detailed_minus_reference,False,tenor_months,-6.0,2,-12.919880010481616
detailed_minus_reference,False,tenor_months,-3.0,0,-6.012301296960075
detailed_minus_reference,False,tenor_months,-3.0,1,-6.378229730831549
detailed_minus_reference,False,tenor_months,-3.0,2,-5.81114600766805
detailed_minus_reference,False,tenor_months,-1.0,0,-2.2396897495037345
detailed_minus_reference,False,tenor_months,-1.0,1,-2.144843769032779
detailed_minus_reference,False,tenor_months,-1.0,2,-1.6416084643761781
detailed_minus_reference,False,tenor_months,1.0,0,2.0348510308143606
detailed_minus_reference,False,tenor_months,1.0,1,2.039265948797658
detailed_minus_reference,False,tenor_months,1.0,2,2.472375497980625
detailed_minus_reference,False,tenor_months,3.0,0,6.0570053099068195
detailed_minus_reference,False,tenor_months,3.0,1,5.893897475883047
detailed_minus_reference,False,tenor_months,3.0,2,6.73607280385464
detailed_minus_reference,False,tenor_months,6.0,0,12.49592581482674
detailed_minus_reference,False,tenor_months,6.0,1,12.330048546443214
detailed_minus_reference,False,tenor_months,6.0,2,12.615830432865984
detailed_minus_reference,False,tenor_months,12.0,0,23.174641700389724
detailed_minus_reference,False,tenor_months,12.0,1,23.562543060106012
detailed_minus_reference,False,tenor_months,12.0,2,24.346297682173173
detailed_minus_reference,True,base,0.0,0,0.0
detailed_minus_reference,True,base,0.0,1,0.0
detailed_minus_reference,True,base,0.0,2,0.0
detailed_minus_reference,True,coupon_regular,-0.01,0,-23.64413987484282
detailed_minus_reference,True,coupon_regular,-0.01,1,-23.61292689799474
detailed_minus_reference,True,coupon_regular,-0.01,2,-23.66951861456097
detailed_minus_reference,True,coupon_regular,-0.005,0,-11.822062751220045
detailed_minus_reference,True,coupon_regular,-0.005,1,-11.806456199931729
detailed_minus_reference,True,coupon_regular,-0.005,2,-11.834752243431623
detailed_minus_reference,True,coupon_regular,-0.0025,0,-5.911039072409074
detailed_minus_reference,True,coupon_regular,-0.0025,1,-5.903235551477833
detailed_minus_reference,True,coupon_regular,-0.0025,2,-5.917383553670006
detailed_minus_reference,True,coupon_regular,-0.001,0,-2.3644387303734784
detailed_minus_reference,True,coupon_regular,-0.001,1,-2.361317153198766
detailed_minus_reference,True,coupon_regular,-0.001,2,-2.3669763737731073
detailed_minus_reference,True,coupon_regular,0.001,0,2.364391226402995
detailed_minus_reference,True,coupon_regular,0.001,1,2.3612701544707795
detailed_minus_reference,True,coupon_regular,0.001,2,2.36692917946738
detailed_minus_reference,True,coupon_regular,0.0025,0,5.9110383662336385
detailed_minus_reference,True,coupon_regular,0.0025,1,5.90323563785791
detailed_minus_reference,True,coupon_regular,0.0025,2,5.917383576021655
detailed_minus_reference,True,coupon_regular,0.005,0,11.822064298379695
detailed_minus_reference,True,coupon_regular,0.005,1,11.806458102856604
detailed_minus_reference,True,coupon_regular,0.005,2,11.8347538690552
detailed_minus_reference,True,coupon_regular,0.01,0,23.644133448484222
detailed_minus_reference,True,coupon_regular,0.01,1,23.612920702371312
detailed_minus_reference,True,coupon_regular,0.01,2,23.669512684131647
detailed_minus_reference,True,first_strike,-0.05,0,-50.92778180473886
detailed_minus_reference,True,first_strike,-0.05,1,-50.87147875148902
detailed_minus_reference,True,first_strike,-0.05,2,-51.499588321320836
detailed_minus_reference,True,first_strike,-0.025,0,-25.53394203230339
detailed_minus_reference,True,first_strike,-0.025,1,-25.365023338739555
detailed_minus_reference,True,first_strike,-0.025,2,-25.950896323278652
detailed_minus_reference,True,first_strike,-0.01,0,-10.076860889924527
detailed_minus_reference,True,first_strike,-0.01,1,-10.145732808270052
detailed_minus_reference,True,first_strike,-0.01,2,-10.538054021616656
detailed_minus_reference,True,first_strike,-0.005,0,-4.999604749171856
detailed_minus_reference,True,first_strike,-0.005,1,-5.050902577464311
detailed_minus_reference,True,first_strike,-0.005,2,-5.223399255228274
detailed_minus_reference,True,first_strike,0.005,0,5.046294124591431
detailed_minus_reference,True,first_strike,0.005,1,5.148267277521755
detailed_minus_reference,True,first_strike,0.005,2,4.934449603562264
detailed_minus_reference,True,first_strike,0.01,0,9.999540037663396
detailed_minus_reference,True,first_strike,0.01,1,10.20078046799587
detailed_minus_reference,True,first_strike,0.01,2,9.884440321606096
detailed_minus_reference,True,first_strike,0.025,0,24.80278285648219
detailed_minus_reference,True,first_strike,0.025,1,24.926283079336084
detailed_minus_reference,True,first_strike,0.025,2,24.46693799203531
detailed_minus_reference,True,first_strike,0.05,0,47.321853137307095
detailed_minus_reference,True,first_strike,0.05,1,47.60071974812579
detailed_minus_reference,True,first_strike,0.05,2,47.184744303237984
detailed_minus_reference,True,ki_barrier,-0.05,0,-1.3096440938824956
detailed_minus_reference,True,ki_barrier,-0.05,1,-1.0989681676500254
detailed_minus_reference,True,ki_barrier,-0.05,2,-1.1727563673507653
detailed_minus_reference,True,ki_barrier,-0.025,0,-0.6061942177534398
detailed_minus_reference,True,ki_barrier,-0.025,1,-0.5223375750481589
detailed_minus_reference,True,ki_barrier,-0.025,2,-0.5273014584178134
detailed_minus_reference,True,ki_barrier,-0.01,0,-0.34542215846951396
detailed_minus_reference,True,ki_barrier,-0.01,1,-0.13858620606074723
detailed_minus_reference,True,ki_barrier,-0.01,2,-0.11338613175586476
detailed_minus_reference,True,ki_barrier,-0.005,0,-0.12332256105246732
detailed_minus_reference,True,ki_barrier,-0.005,1,-0.1538662559258468
detailed_minus_reference,True,ki_barrier,-0.005,2,-0.05121163193658008
detailed_minus_reference,True,ki_barrier,0.005,0,0.07867135944034963
detailed_minus_reference,True,ki_barrier,0.005,1,0.12225193568359725
detailed_minus_reference,True,ki_barrier,0.005,2,0.2185806109378076
detailed_minus_reference,True,ki_barrier,0.01,0,0.08144024224058106
detailed_minus_reference,True,ki_barrier,0.01,1,0.2907013306034321
detailed_minus_reference,True,ki_barrier,0.01,2,0.27437810146339114
detailed_minus_reference,True,ki_barrier,0.025,0,0.32459695865499794
detailed_minus_reference,True,ki_barrier,0.025,1,0.646269226357997
detailed_minus_reference,True,ki_barrier,0.025,2,0.6738701796285832
detailed_minus_reference,True,ki_barrier,0.05,0,0.8886924914668485
detailed_minus_reference,True,ki_barrier,0.05,1,0.9236440138688637
detailed_minus_reference,True,ki_barrier,0.05,2,1.1084038379637255
detailed_minus_reference,True,last_strike,-0.05,0,-28.78376339582061
detailed_minus_reference,True,last_strike,-0.05,1,-28.73105322644788
detailed_minus_reference,True,last_strike,-0.05,2,-28.879364339781006
detailed_minus_reference,True,last_strike,-0.025,0,-14.044636018874193
detailed_minus_reference,True,last_strike,-0.025,1,-14.073982611397755
detailed_minus_reference,True,last_strike,-0.025,2,-14.059711770874445
detailed_minus_reference,True,last_strike,-0.01,0,-5.4082255877171574
detailed_minus_reference,True,last_strike,-0.01,1,-5.542674434706903
detailed_minus_reference,True,last_strike,-0.01,2,-5.383593356554497
detailed_minus_reference,True,last_strike,-0.005,0,-2.638352732462506
detailed_minus_reference,True,last_strike,-0.005,1,-2.8244079151128054
detailed_minus_reference,True,last_strike,-0.005,2,-2.620951385949805
detailed_minus_reference,True,last_strike,0.005,0,2.7254960682909424
detailed_minus_reference,True,last_strike,0.005,1,2.7217157934842335
detailed_minus_reference,True,last_strike,0.005,2,2.7155984021971156
detailed_minus_reference,True,last_strike,0.01,0,5.327620813175443
detailed_minus_reference,True,last_strike,0.01,1,5.4085724872481595
detailed_minus_reference,True,last_strike,0.01,2,5.362059952460401
detailed_minus_reference,True,last_strike,0.025,0,12.817681566395285
detailed_minus_reference,True,last_strike,0.025,1,12.779230136250142
detailed_minus_reference,True,last_strike,0.025,2,12.715136980908886
detailed_minus_reference,True,last_strike,0.05,0,24.169563284761512
detailed_minus_reference,True,last_strike,0.05,1,24.162803567493174
detailed_minus_reference,True,last_strike,0.05,2,24.171135559115807
detailed_minus_reference,True,monthly_barrier,-0.05,0,29.140740060632798
detailed_minus_reference,True,monthly_barrier,-0.05,1,29.16304218330407
detailed_minus_reference,True,monthly_barrier,-0.05,2,29.076541540368336
detailed_minus_reference,True,monthly_barrier,-0.025,0,15.476391557046364
detailed_minus_reference,True,monthly_barrier,-0.025,1,15.519471456237294
detailed_minus_reference,True,monthly_barrier,-0.025,2,15.458636155733895
detailed_minus_reference,True,monthly_barrier,-0.01,0,6.430601241748327
detailed_minus_reference,True,monthly_barrier,-0.01,1,6.432987197317241
detailed_minus_reference,True,monthly_barrier,-0.01,2,6.407754885246012
detailed_minus_reference,True,monthly_barrier,-0.005,0,3.2533426088479542
detailed_minus_reference,True,monthly_barrier,-0.005,1,3.247732859016454
detailed_minus_reference,True,monthly_barrier,-0.005,2,3.238401582548652
detailed_minus_reference,True,monthly_barrier,0.005,0,-3.2049940528080394
detailed_minus_reference,True,monthly_barrier,0.005,1,-3.2021944968513645
detailed_minus_reference,True,monthly_barrier,0.005,2,-3.2069808966621327
detailed_minus_reference,True,monthly_barrier,0.01,0,-6.492708490858483
detailed_minus_reference,True,monthly_barrier,0.01,1,-6.4892982461375475
detailed_minus_reference,True,monthly_barrier,0.01,2,-6.484834763311782
detailed_minus_reference,True,monthly_barrier,0.025,0,-16.788174950612603
detailed_minus_reference,True,monthly_barrier,0.025,1,-16.82618022784154
detailed_minus_reference,True,monthly_barrier,0.025,2,-16.784100273518522
detailed_minus_reference,True,monthly_barrier,0.05,0,-35.56113132506294
detailed_minus_reference,True,monthly_barrier,0.05,1,-35.5620053071374
detailed_minus_reference,True,monthly_barrier,0.05,2,-35.47421351206417
detailed_minus_reference,True,nobs_early,1.0,0,-63.07493183181855
detailed_minus_reference,True,nobs_early,1.0,1,-62.03848180873062
detailed_minus_reference,True,nobs_early,1.0,2,-62.174167410922266
detailed_minus_reference,True,nobs_late,1.0,0,-26.74959382698914
detailed_minus_reference,True,nobs_late,1.0,1,-26.280709008630364
detailed_minus_reference,True,nobs_late,1.0,2,-26.064448122155316
detailed_minus_reference,True,nobs_middle,1.0,0,-10.837436289505703
detailed_minus_reference,True,nobs_middle,1.0,1,-10.533488642975502
detailed_minus_reference,True,nobs_middle,1.0,2,-9.831834033213404
detailed_minus_reference,True,tenor_months,-12.0,0,-79.93744715549057
detailed_minus_reference,True,tenor_months,-12.0,1,-79.82618773527484
detailed_minus_reference,True,tenor_months,-12.0,2,-80.01628076452636
detailed_minus_reference,True,tenor_months,-6.0,0,-43.92306440592554
detailed_minus_reference,True,tenor_months,-6.0,1,-43.7289923579054
detailed_minus_reference,True,tenor_months,-6.0,2,-44.34666698572251
detailed_minus_reference,True,tenor_months,-3.0,0,-39.557187805407565
detailed_minus_reference,True,tenor_months,-3.0,1,-38.999867737945756
detailed_minus_reference,True,tenor_months,-3.0,2,-39.513615307390154
detailed_minus_reference,True,tenor_months,-1.0,0,-39.69030773855861
detailed_minus_reference,True,tenor_months,-1.0,1,-39.36517572763844
detailed_minus_reference,True,tenor_months,-1.0,2,-39.98523136524354
detailed_minus_reference,True,tenor_months,1.0,0,-3.409135042002276
detailed_minus_reference,True,tenor_months,1.0,1,-2.816839997363505
detailed_minus_reference,True,tenor_months,1.0,2,-3.2053646075419677
detailed_minus_reference,True,tenor_months,3.0,0,-1.1666723635460476
detailed_minus_reference,True,tenor_months,3.0,1,-0.5827234273236085
detailed_minus_reference,True,tenor_months,3.0,2,-0.8448763638480155
detailed_minus_reference,True,tenor_months,6.0,0,26.246341509220137
detailed_minus_reference,True,tenor_months,6.0,1,26.261477114164233
detailed_minus_reference,True,tenor_months,6.0,2,26.075934996883323
detailed_minus_reference,True,tenor_months,12.0,0,46.83269057770209
detailed_minus_reference,True,tenor_months,12.0,1,47.24990790713103
detailed_minus_reference,True,tenor_months,12.0,2,46.73729779771697
reference,False,base,0.0,0,0.0
reference,False,base,0.0,1,0.0
reference,False,base,0.0,2,0.0
reference,False,coupon_regular,-0.01,0,-53.70346833136864
reference,False,coupon_regular,-0.01,1,-53.75135256431531
reference,False,coupon_regular,-0.01,2,-53.74401334405411
reference,False,coupon_regular,-0.005,0,-26.851719660684466
reference,False,coupon_regular,-0.005,1,-26.87566211039666
reference,False,coupon_regular,-0.005,2,-26.871992180589586
reference,False,coupon_regular,-0.0025,0,-13.425852103624493
reference,False,coupon_regular,-0.0025,1,-13.437823664280586
reference,False,coupon_regular,-0.0025,2,-13.435988544835709
reference,False,coupon_regular,-0.001,0,-5.370343313436024
reference,False,coupon_regular,-0.001,1,-5.375132205430418
reference,False,coupon_regular,-0.001,2,-5.3743977539706975
reference,False,coupon_regular,0.001,0,5.370369905373082
reference,False,coupon_regular,0.001,1,5.375158190377988
reference,False,coupon_regular,0.001,2,5.374424549750984
reference,False,coupon_regular,0.0025,0,13.425841039395891
reference,False,coupon_regular,0.0025,1,13.437811990035698
reference,False,coupon_regular,0.0025,2,13.435977702843957
reference,False,coupon_regular,0.005,0,26.85172425035853
reference,False,coupon_regular,0.005,1,26.87566630670335
reference,False,coupon_regular,0.005,2,26.87199739937205
reference,False,coupon_regular,0.01,0,53.703545098309405
reference,False,coupon_regular,0.01,1,53.75142950133886
reference,False,coupon_regular,0.01,2,53.74409046000801
reference,False,first_strike,-0.05,0,32.5791663614018
reference,False,first_strike,-0.05,1,32.80767141904653
reference,False,first_strike,-0.05,2,32.46233048928116
reference,False,first_strike,-0.025,0,13.64058475328602
reference,False,first_strike,-0.025,1,13.611591545239207
reference,False,first_strike,-0.025,2,13.294239913491765
reference,False,first_strike,-0.01,0,4.693562964341254
reference,False,first_strike,-0.01,1,4.700354968794272
reference,False,first_strike,-0.01,2,4.811602018955455
reference,False,first_strike,-0.005,0,2.232752599156811
reference,False,first_strike,-0.005,1,2.2546651179654873
reference,False,first_strike,-0.005,2,2.2498988366351114
reference,False,first_strike,0.005,0,-2.090670958685223
reference,False,first_strike,0.005,1,-2.1472346779264626
reference,False,first_strike,0.005,2,-2.073628204911074
reference,False,first_strike,0.01,0,-3.9547089677798795
reference,False,first_strike,0.01,1,-4.127829930046573
reference,False,first_strike,0.01,2,-4.079773376543017
reference,False,first_strike,0.025,0,-8.411388287873706
reference,False,first_strike,0.025,1,-8.646042605098046
reference,False,first_strike,0.025,2,-8.621645591316337
reference,False,first_strike,0.05,0,-12.938995804361184
reference,False,first_strike,0.05,1,-13.265653212984034
reference,False,first_strike,0.05,2,-13.086027046745585
reference,False,ki_barrier,-0.05,0,46.13846274034586
reference,False,ki_barrier,-0.05,1,46.30225078260992
reference,False,ki_barrier,-0.05,2,46.41973364725709
reference,False,ki_barrier,-0.025,0,22.652345190639608
reference,False,ki_barrier,-0.025,1,22.901221089879982
reference,False,ki_barrier,-0.025,2,22.55948597751558
reference,False,ki_barrier,-0.01,0,8.98474700958468
reference,False,ki_barrier,-0.01,1,8.902545576216653
reference,False,ki_barrier,-0.01,2,8.790729048778303
reference,False,ki_barrier,-0.005,0,4.313322344329208
reference,False,ki_barrier,-0.005,1,4.287201563012786
reference,False,ki_barrier,-0.005,2,4.369812762364745
reference,False,ki_barrier,0.005,0,-4.317042506067082
reference,False,ki_barrier,0.005,1,-4.466008952702396
reference,False,ki_barrier,0.005,2,-4.372230734559707
reference,False,ki_barrier,0.01,0,-8.59617746481672
reference,False,ki_barrier,0.01,1,-8.668446953524835
reference,False,ki_barrier,0.01,2,-8.792962259496562
reference,False,ki_barrier,0.025,0,-20.866120851249434
reference,False,ki_barrier,0.025,1,-20.916616786038503
reference,False,ki_barrier,0.025,2,-20.964487142045982
reference,False,ki_barrier,0.05,0,-39.706231974530965
reference,False,ki_barrier,0.05,1,-39.36544683983084
reference,False,ki_barrier,0.05,2,-39.44303987105377
reference,False,last_strike,-0.05,0,53.05173306178767
reference,False,last_strike,-0.05,1,53.08102066727588
reference,False,last_strike,-0.05,2,53.29690423194552
reference,False,last_strike,-0.025,0,25.226889542187564
reference,False,last_strike,-0.025,1,25.593947358778678
reference,False,last_strike,-0.025,2,25.57943416625494
reference,False,last_strike,-0.01,0,9.991305041359738
reference,False,last_strike,-0.01,1,10.030446870194282
reference,False,last_strike,-0.01,2,10.010604833776597
reference,False,last_strike,-0.005,0,4.957285129232332
reference,False,last_strike,-0.005,1,5.038428058847785
reference,False,last_strike,-0.005,2,4.920898420969024
reference,False,last_strike,0.005,0,-4.822047850582749
reference,False,last_strike,0.005,1,-4.912989204283804
reference,False,last_strike,0.005,2,-4.851236863294616
reference,False,last_strike,0.01,0,-9.592855818220414
reference,False,last_strike,0.01,1,-9.780012702569366
reference,False,last_strike,0.01,2,-9.547451832448132
reference,False,last_strike,0.025,0,-23.366474186535925
reference,False,last_strike,0.025,1,-23.44912027241662
reference,False,last_strike,0.025,2,-23.116033083526418
reference,False,last_strike,0.05,0,-43.97125292243436
reference,False,last_strike,0.05,1,-44.37891348148696
reference,False,last_strike,0.05,2,-44.114628335577436
reference,False,nobs_early,1.0,0,-86.10757421936702
reference,False,nobs_early,1.0,1,-85.81721930596173
reference,False,nobs_early,1.0,2,-86.21266935634668
reference,False,nobs_late,1.0,0,63.67687744947357
reference,False,nobs_late,1.0,1,63.8540100668281
reference,False,nobs_late,1.0,2,63.99568437434227
reference,False,nobs_middle,1.0,0,43.383532563051965
reference,False,nobs_middle,1.0,1,43.72072121227896
reference,False,nobs_middle,1.0,2,43.4127302898646
reference,False,tenor_months,-12.0,0,74.54250993686401
reference,False,tenor_months,-12.0,1,74.3637974251842
reference,False,tenor_months,-12.0,2,74.41888836786529
reference,False,tenor_months,-6.0,0,37.10107718219842
reference,False,tenor_months,-6.0,1,37.69943496356518
reference,False,tenor_months,-6.0,2,38.021640121332894
reference,False,tenor_months,-3.0,0,17.96885095626203
reference,False,tenor_months,-3.0,1,18.966926423438053
reference,False,tenor_months,-3.0,2,18.409835127004044
reference,False,tenor_months,-1.0,0,5.880209449433096
reference,False,tenor_months,-1.0,1,6.419572406678526
reference,False,tenor_months,-1.0,2,5.758392130001084
reference,False,tenor_months,1.0,0,-6.1335301916333265
reference,False,tenor_months,1.0,1,-6.343139586525467
reference,False,tenor_months,1.0,2,-6.288098581846498
reference,False,tenor_months,3.0,0,-18.85672335341951
reference,False,tenor_months,3.0,1,-18.54105435891597
reference,False,tenor_months,3.0,2,-18.5651027253989
reference,False,tenor_months,6.0,0,-37.837446217319666
reference,False,tenor_months,6.0,1,-37.00874202790237
reference,False,tenor_months,6.0,2,-37.43436419515274
reference,False,tenor_months,12.0,0,-74.4765102672327
reference,False,tenor_months,12.0,1,-73.76995716357214
reference,False,tenor_months,12.0,2,-74.02844237311274
reference,True,base,0.0,0,0.0
reference,True,base,0.0,1,0.0
reference,True,base,0.0,2,0.0
reference,True,coupon_regular,-0.01,0,-70.07504070387222
reference,True,coupon_regular,-0.01,1,-70.07309853914194
reference,True,coupon_regular,-0.01,2,-70.02587559772655
reference,True,coupon_regular,-0.005,0,-35.03752753813751
reference,True,coupon_regular,-0.005,1,-35.036556518636644
reference,True,coupon_regular,-0.005,2,-35.012944862712175
reference,True,coupon_regular,-0.0025,0,-17.518756072269753
reference,True,coupon_regular,-0.0025,1,-17.518270807806402
reference,True,coupon_regular,-0.0025,2,-17.506464999401942
reference,True,coupon_regular,-0.001,0,-7.007479327498004
reference,True,coupon_regular,-0.001,1,-7.00728539051488
reference,True,coupon_regular,-0.001,2,-7.002563047455624
reference,True,coupon_regular,0.001,0,7.007526831468567
reference,True,coupon_regular,0.001,1,7.007332389242947
reference,True,coupon_regular,0.001,2,7.002610241761431
reference,True,coupon_regular,0.0025,0,17.518756778445095
reference,True,coupon_regular,0.0025,1,17.518270721426234
reference,True,coupon_regular,0.0025,2,17.5064649770502
reference,True,coupon_regular,0.005,0,35.03752599097788
reference,True,coupon_regular,0.005,1,35.03655461571179
reference,True,coupon_regular,0.005,2,35.01294323708862
reference,True,coupon_regular,0.01,0,70.07504713023081
reference,True,coupon_regular,0.01,1,70.07310473476537
reference,True,coupon_regular,0.01,2,70.02588152815588
reference,True,first_strike,-0.05,0,59.025820260634646
reference,True,first_strike,-0.05,1,59.10591200989438
reference,True,first_strike,-0.05,2,59.851801090520894
reference,True,first_strike,-0.025,0,27.707339728440274
reference,True,first_strike,-0.025,1,27.628519878002407
reference,True,first_strike,-0.025,2,28.120394475434296
reference,True,first_strike,-0.01,0,10.62197417945572
reference,True,first_strike,-0.01,1,10.672734777188452
reference,True,first_strike,-0.01,2,10.949644088064815
reference,True,first_strike,-0.005,0,5.290815545311489
reference,True,first_strike,-0.005,1,5.217410842276877
reference,True,first_strike,-0.005,2,5.418279551657179
reference,True,first_strike,0.005,0,-5.0723867196793435
reference,True,first_strike,0.005,1,-5.151248539528751
reference,True,first_strike,0.005,2,-5.040216415269242
reference,True,first_strike,0.01,0,-9.9741729078778
reference,True,first_strike,0.01,1,-10.180271357774473
reference,True,first_strike,0.01,2,-9.960435507618968
reference,True,first_strike,0.025,0,-24.12581842454165
reference,True,first_strike,0.025,1,-24.37570915111428
reference,True,first_strike,0.025,2,-23.89114892032012
reference,True,first_strike,0.05,0,-44.27686039706168
reference,True,first_strike,0.05,1,-44.81497802292688
reference,True,first_strike,0.05,2,-44.49784914652264
reference,True,ki_barrier,-0.05,0,121.79221116110335
reference,True,ki_barrier,-0.05,1,121.87553515181293
reference,True,ki_barrier,-0.05,2,122.13647028370652
reference,True,ki_barrier,-0.025,0,58.7719623957609
reference,True,ki_barrier,-0.025,1,59.28496475257846
reference,True,ki_barrier,-0.025,2,58.932570098964284
reference,True,ki_barrier,-0.01,0,23.07843379693669
reference,True,ki_barrier,-0.01,1,23.411112054835918
reference,True,ki_barrier,-0.01,2,23.22585650498784
reference,True,ki_barrier,-0.005,0,11.525458510705205
reference,True,ki_barrier,-0.005,1,11.641755090030127
reference,True,ki_barrier,-0.005,2,11.361741782794166
reference,True,ki_barrier,0.005,0,-11.525951345646105
reference,True,ki_barrier,0.005,1,-11.234599814685279
reference,True,ki_barrier,0.005,2,-11.191013636457365
reference,True,ki_barrier,0.01,0,-22.58317917065565
reference,True,ki_barrier,0.01,1,-22.205109894795473
reference,True,ki_barrier,0.01,2,-22.323772069673204
reference,True,ki_barrier,0.025,0,-54.413894235221456
reference,True,ki_barrier,0.025,1,-54.632371046861934
reference,True,ki_barrier,0.025,2,-54.18359492234019
reference,True,ki_barrier,0.05,0,-103.11108406425215
reference,True,ki_barrier,0.05,1,-102.80294261439595
reference,True,ki_barrier,0.05,2,-103.08605299370234
reference,True,last_strike,-0.05,0,60.716351243900135
reference,True,last_strike,-0.05,1,60.79574283247348
reference,True,last_strike,-0.05,2,60.71367109718267
reference,True,last_strike,-0.025,0,29.333018055476714
reference,True,last_strike,-0.025,1,29.55419809994055
reference,True,last_strike,-0.025,2,29.209555816603824
reference,True,last_strike,-0.01,0,11.41182296781335
reference,True,last_strike,-0.01,1,11.531630807206966
reference,True,last_strike,-0.01,2,11.30886326590553
reference,True,last_strike,-0.005,0,5.591400811623316
reference,True,last_strike,-0.005,1,5.831573127419688
reference,True,last_strike,-0.005,2,5.59260151226772
reference,True,last_strike,0.005,0,-5.535658546199556
reference,True,last_strike,0.005,1,-5.681483394582756
reference,True,last_strike,0.005,2,-5.610259564651642
reference,True,last_strike,0.01,0,-11.01319507905282
reference,True,last_strike,0.01,1,-11.196381482528523
reference,True,last_strike,0.01,2,-11.18378555268282
reference,True,last_strike,0.025,0,-26.64318387088133
reference,True,last_strike,0.025,1,-26.705615783983376
reference,True,last_strike,0.025,2,-26.60617423610529
reference,True,last_strike,0.05,0,-49.98276476142928
reference,True,last_strike,0.05,1,-50.19316562340828
reference,True,last_strike,0.05,2,-50.05181855073897
reference,True,monthly_barrier,-0.05,0,0.0
reference,True,monthly_barrier,-0.05,1,0.0
reference,True,monthly_barrier,-0.05,2,0.0
reference,True,monthly_barrier,-0.025,0,0.0
reference,True,monthly_barrier,-0.025,1,0.0
reference,True,monthly_barrier,-0.025,2,0.0
reference,True,monthly_barrier,-0.01,0,0.0
reference,True,monthly_barrier,-0.01,1,0.0
reference,True,monthly_barrier,-0.01,2,0.0
reference,True,monthly_barrier,-0.005,0,0.0
reference,True,monthly_barrier,-0.005,1,0.0
reference,True,monthly_barrier,-0.005,2,0.0
reference,True,monthly_barrier,0.005,0,0.0
reference,True,monthly_barrier,0.005,1,0.0
reference,True,monthly_barrier,0.005,2,0.0
reference,True,monthly_barrier,0.01,0,0.0
reference,True,monthly_barrier,0.01,1,0.0
reference,True,monthly_barrier,0.01,2,0.0
reference,True,monthly_barrier,0.025,0,0.0
reference,True,monthly_barrier,0.025,1,0.0
reference,True,monthly_barrier,0.025,2,0.0
reference,True,monthly_barrier,0.05,0,0.0
reference,True,monthly_barrier,0.05,1,0.0
reference,True,monthly_barrier,0.05,2,0.0
reference,True,nobs_early,1.0,0,12.976115933728579
reference,True,nobs_early,1.0,1,12.546594384341006
reference,True,nobs_early,1.0,2,12.120934269507416
reference,True,nobs_late,1.0,0,29.31727307104302
reference,True,nobs_late,1.0,1,28.831648364768625
reference,True,nobs_late,1.0,2,28.6918715106367
reference,True,nobs_middle,1.0,0,11.143877771457483
reference,True,nobs_middle,1.0,1,10.88060883725484
reference,True,nobs_middle,1.0,2,10.285561941513151
reference,True,tenor_months,-12.0,0,98.59939058643977
reference,True,tenor_months,-12.0,1,98.95071608786748
reference,True,tenor_months,-12.0,2,98.28696116705305
reference,True,tenor_months,-6.0,0,47.43761147472105
reference,True,tenor_months,-6.0,1,47.671588723784225
reference,True,tenor_months,-6.0,2,47.35470462538706
reference,True,tenor_months,-3.0,0,23.080492019534177
reference,True,tenor_months,-3.0,1,23.04340139008127
reference,True,tenor_months,-3.0,2,23.24299166661058
reference,True,tenor_months,-1.0,0,7.83312729885165
reference,True,tenor_months,-1.0,1,7.317770371622828
reference,True,tenor_months,-1.0,2,8.181264637029926
reference,True,tenor_months,1.0,0,-7.749166305052313
reference,True,tenor_months,1.0,1,-7.877495371644727
reference,True,tenor_months,1.0,2,-7.608629401424878
reference,True,tenor_months,3.0,0,-21.881879557872708
reference,True,tenor_months,3.0,1,-22.74682877547184
reference,True,tenor_months,3.0,2,-22.24444592621012
reference,True,tenor_months,6.0,0,-42.95272267875771
reference,True,tenor_months,6.0,1,-43.613526052668476
reference,True,tenor_months,6.0,2,-42.17314467665756
reference,True,tenor_months,12.0,0,-80.5038974089448
reference,True,tenor_months,12.0,1,-81.42235181299657
reference,True,tenor_months,12.0,2,-79.93860185792983
