cohort,model,seed,structure,n_rows,n_families,price_mae,price_rmse,price_r2,delta_mae,delta_rmse,delta_bias,within_1,within_5,within_10,resolved_n,resolved_sign
monthly_test,affine_coupon_delta,101,LIZARD no-KI,1419,43,196.31428284692888,259.9332683257415,0.7179267108531512,15.719248740444995,27.966513277180596,-2.5034186182141314,0.17223837209302326,0.43459302325581395,0.6184593023255814,1326,0.8521870286576169
monthly_test,affine_coupon_delta,101,STEP KI,1743,43,55.835272433885976,92.6136807742112,0.9807467507517149,5.653570957524904,10.75369088750005,-0.5201935654709285,0.2788235294117647,0.6923529411764706,0.8429411764705882,1635,0.9614678899082569
monthly_test,affine_coupon_delta,101,STEP no-KI,1386,42,17.585167515674563,21.25604657692764,0.9980999477630048,3.0624169147878266,5.064963638123401,0.03524685519093119,0.3638392857142857,0.8139880952380952,0.9375,1344,0.9992559523809523
monthly_test,affine_coupon_delta,233,LIZARD no-KI,1419,43,413.21751550762656,469.6694450814195,0.07907801111218893,13.244254660357454,20.98211298113217,-1.7046119834608817,0.050872093023255814,0.3866279069767442,0.6104651162790697,1326,0.8461538461538461
monthly_test,affine_coupon_delta,233,STEP KI,1743,43,54.88868410894604,98.32142600306751,0.978300482316432,5.004727959989053,9.25262707538769,-0.2575463994992849,0.2911764705882353,0.7229411764705882,0.87,1635,0.980428134556575
monthly_test,affine_coupon_delta,233,STEP no-KI,1386,42,20.567901823013,24.748691389432818,0.9974242421319774,2.4221866932397442,4.042254561734672,0.09564445461556587,0.43601190476190477,0.8578869047619048,0.9627976190476191,1344,1.0
monthly_test,affine_coupon_delta,47,LIZARD no-KI,1419,43,123.82391904357186,166.62661130107637,0.8840883863312882,11.877391175484268,20.64813557926698,-1.7850721894815926,0.1068313953488372,0.46075581395348836,0.6526162790697675,1326,0.9705882352941176
monthly_test,affine_coupon_delta,47,STEP KI,1743,43,37.43095507004534,54.09585217271755,0.9934312659820302,5.527804686466737,9.947441434551905,-0.09956498975322704,0.25,0.6764705882352942,0.8364705882352941,1635,0.9516819571865444
monthly_test,affine_coupon_delta,47,STEP no-KI,1386,42,18.573622094224692,24.82349297273325,0.9974086484238347,3.138810904241466,5.366052257979853,0.04905393410307579,0.38467261904761907,0.8139880952380952,0.9300595238095238,1344,0.9970238095238095
monthly_test,affine_coupon_delta,ensemble,LIZARD no-KI,1419,43,226.4278528529521,285.5560038928489,0.659575491441073,13.062444589696021,21.875991445769564,-1.9977009303856084,0.08502906976744186,0.4127906976744186,0.6395348837209303,1326,0.8725490196078431
monthly_test,affine_coupon_delta,ensemble,STEP KI,1743,43,44.10300589838568,74.94246048289205,0.9873930613725103,4.317650459144489,8.164513451273852,-0.2924349849077473,0.32176470588235295,0.7629411764705882,0.89,1635,0.9737003058103976
monthly_test,affine_coupon_delta,ensemble,STEP no-KI,1386,42,15.428624770263102,19.32158412284171,0.9984300492989155,2.2492985493388877,3.8810973513079565,0.059981747969845775,0.47470238095238093,0.8697916666666666,0.9635416666666666,1344,1.0
monthly_test,augmented_delta,101,LIZARD no-KI,1419,43,139.13629381432096,188.3744670098781,0.8518566024190197,11.118253553943505,17.649979214949948,-1.768774044425821,0.13154069767441862,0.48328488372093026,0.6758720930232558,1326,0.9532428355957768
monthly_test,augmented_delta,101,STEP KI,1743,43,85.64035429566039,157.34471325440805,0.9444277406239954,7.9492926295395225,14.052105808112556,-1.135428852071378,0.1776470588235294,0.5741176470588235,0.7605882352941177,1635,0.9944954128440368
monthly_test,augmented_delta,101,STEP no-KI,1386,42,32.19269608730489,44.0102273695863,0.9918546869672644,5.760942667994747,9.212483703378217,0.16959324098779605,0.18377976190476192,0.6361607142857143,0.8236607142857143,1344,0.9962797619047619
monthly_test,augmented_delta,233,LIZARD no-KI,1419,43,324.7373901707719,358.0405539562957,0.46481655788924825,12.677149771350308,23.905506020328573,-3.457323815984228,0.1431686046511628,0.47165697674418605,0.6707848837209303,1326,0.9947209653092006
monthly_test,augmented_delta,233,STEP KI,1743,43,51.413290356979886,81.81066705784355,0.9849764138746542,7.074236660023232,15.317313840814519,-1.1996416371190215,0.24529411764705883,0.6588235294117647,0.8135294117647058,1635,0.9657492354740062
monthly_test,augmented_delta,233,STEP no-KI,1386,42,23.903480607673274,30.798930043349095,0.9960109285655829,3.9985307255451907,7.164804002316373,-0.06722257631154728,0.32514880952380953,0.7447916666666666,0.9017857142857143,1344,1.0
monthly_test,augmented_delta,47,LIZARD no-KI,1419,43,390.00517727363643,426.4251857294054,0.24085642237008376,12.44082059603395,18.958986012769177,-2.668723177128893,0.09156976744186046,0.4251453488372093,0.6039244186046512,1326,0.971342383107089
monthly_test,augmented_delta,47,STEP KI,1743,43,58.407690035796534,100.12649638071234,0.9774964112419301,7.280526058104307,15.368443750965865,-0.5513131505081602,0.24235294117647058,0.6558823529411765,0.8094117647058824,1635,0.9706422018348624
monthly_test,augmented_delta,47,STEP no-KI,1386,42,22.182812365801816,28.296658395050702,0.9966327849128225,4.087099008943865,6.5454473309110055,0.17904660860708344,0.27901785714285715,0.734375,0.8950892857142857,1344,1.0
monthly_test,augmented_delta,ensemble,LIZARD no-KI,1419,43,274.1885762700801,313.407057214267,0.589932103177862,8.122874632694076,14.770619392329722,-2.631607012513048,0.19840116279069767,0.5930232558139535,0.7747093023255814,1326,0.9924585218702866
monthly_test,augmented_delta,ensemble,STEP KI,1743,43,57.75687660779676,103.47489326911075,0.9759661294493334,6.487177593343664,13.026070883991675,-0.9621278798995452,0.22941176470588234,0.6658823529411765,0.8305882352941176,1635,0.9853211009174312
monthly_test,augmented_delta,ensemble,STEP no-KI,1386,42,23.26375376040482,28.922213112119884,0.996482261122278,3.8189297529206705,6.429157062968924,0.09380575776117202,0.3013392857142857,0.7529761904761905,0.9151785714285714,1344,0.9992559523809523
monthly_test,augmented_price,101,LIZARD no-KI,1419,43,151.18097888963888,195.30549355686608,0.8407545082504042,16.460373491716908,24.550378741333073,-1.5337147241922324,0.046511627906976744,0.3059593023255814,0.5356104651162791,1326,0.947209653092006
monthly_test,augmented_price,101,STEP KI,1743,43,121.92636957957485,226.8209679186109,0.8845164456220205,11.962884964197608,20.56551527256304,-2.377598765195014,0.1388235294117647,0.4647058823529412,0.6447058823529411,1635,0.9932721712538226
monthly_test,augmented_price,101,STEP no-KI,1386,42,52.0513197662686,63.759974904511694,0.9829039086502356,8.754385359293998,14.790570050909496,-0.2836269071839014,0.15029761904761904,0.5572916666666666,0.734375,1344,0.96875
monthly_test,augmented_price,233,LIZARD no-KI,1419,43,219.7097779067983,247.55190101440442,0.7441586375741629,13.710162467732191,25.319425635581883,-2.504988871392262,0.18459302325581395,0.4890988372093023,0.6620639534883721,1326,0.995475113122172
monthly_test,augmented_price,233,STEP KI,1743,43,112.4208379903196,187.4646807025469,0.9211153221265389,12.429203207257078,21.99960862445103,-2.641939754924951,0.11294117647058824,0.47,0.6511764705882352,1635,0.9914373088685016
monthly_test,augmented_price,233,STEP no-KI,1386,42,45.39478076467618,63.36727834822914,0.9831138491908494,9.220049531554658,15.710467222652362,-1.6068451428412298,0.12574404761904762,0.5364583333333334,0.7150297619047619,1344,0.9933035714285714
monthly_test,augmented_price,47,LIZARD no-KI,1419,43,163.92400906644158,224.5253129938077,0.7895403476706898,17.291410680563146,30.200255455951748,-2.3664353622067815,0.15843023255813954,0.4106104651162791,0.5690406976744186,1326,0.995475113122172
monthly_test,augmented_price,47,STEP KI,1743,43,102.1063839261378,190.99562475824047,0.9181157112777032,12.416891169900266,21.468983246399922,-2.8243082297730817,0.10588235294117647,0.45529411764705885,0.6476470588235295,1635,0.9932721712538226
monthly_test,augmented_price,47,STEP no-KI,1386,42,30.44067835975176,40.267768393680996,0.9931810786875008,8.724895416294547,15.232077923101558,-1.9823885534205934,0.18229166666666666,0.5505952380952381,0.7336309523809523,1344,1.0
monthly_test,augmented_price,ensemble,LIZARD no-KI,1419,43,170.86141089902867,215.75590897441188,0.8056593615764995,15.109054701803627,25.418249807245694,-2.135046319263753,0.07485465116279069,0.38444767441860467,0.5988372093023255,1326,0.9939668174962293
monthly_test,augmented_price,ensemble,STEP KI,1743,43,105.85627729704096,198.743488076023,0.9113375845203697,11.573150526094157,20.425399679079437,-2.614615583297686,0.1411764705882353,0.4864705882352941,0.6629411764705883,1635,0.9932721712538226
monthly_test,augmented_price,ensemble,STEP no-KI,1386,42,31.0196985640735,42.76768986499589,0.9923081263981608,8.356911657630036,14.217207717635917,-1.29095353448193,0.15476190476190477,0.5647321428571429,0.7492559523809523,1344,0.9903273809523809
previous_canonical_4,affine_coupon_delta,101,LIZARD KI,33,1,52.43654728584663,52.76250363535739,0.07586573737008018,3.4770695739451285,6.124099906613261,-1.4865024428493587,0.375,0.84375,0.9375,32,1.0
previous_canonical_4,affine_coupon_delta,101,LIZARD no-KI,25,1,43.57076906607283,44.04902114504655,0.3222142391685915,4.475359162549368,6.851972881206055,-1.8538167514159012,0.2916666666666667,0.7083333333333334,0.9166666666666666,24,1.0
previous_canonical_4,affine_coupon_delta,101,STEP KI,33,1,25.66953407988044,27.390174624465768,0.8138652428289009,9.067188821861821,15.565937964884093,-1.5885817006063578,0.25,0.53125,0.71875,32,1.0
previous_canonical_4,affine_coupon_delta,101,STEP no-KI,25,1,5.564091430921035,8.342317050148031,0.9850369907505951,5.765684892591378,8.244415028564168,-1.7048373797334495,0.041666666666666664,0.5416666666666666,0.7916666666666666,24,1.0
previous_canonical_4,affine_coupon_delta,233,LIZARD KI,33,1,58.89676961680699,60.22116148237283,-0.20387816311013518,7.231936392163156,12.806960365620611,-1.1708958487636654,0.15625,0.625,0.8125,32,1.0
previous_canonical_4,affine_coupon_delta,233,LIZARD no-KI,25,1,53.31562780783308,53.50918391574166,-0.0001763285190945485,2.299769605014746,4.781749903717881,-1.175714576021207,0.5833333333333334,0.9166666666666666,0.9166666666666666,24,1.0
previous_canonical_4,affine_coupon_delta,233,STEP KI,33,1,12.87349172646381,19.557335955130448,0.9051019546679625,10.31844526070473,17.825401385731077,-1.6896488264036296,0.09375,0.5,0.65625,32,1.0
previous_canonical_4,affine_coupon_delta,233,STEP no-KI,25,1,23.487556062806323,23.95232871718841,0.8766494618904173,3.245648418665397,5.049916808187746,-1.6247436383165184,0.2916666666666667,0.875,0.9166666666666666,24,1.0
previous_canonical_4,affine_coupon_delta,47,LIZARD KI,33,1,49.6070786743317,50.40433788889618,0.15662618983923549,6.279144004937853,9.283133641520132,-2.01823175360032,0.1875,0.6875,0.78125,32,1.0
previous_canonical_4,affine_coupon_delta,47,LIZARD no-KI,25,1,100.70329927847517,101.00369491956465,-2.563645043784347,4.851828861789378,8.357397511405294,-2.647626443480822,0.2916666666666667,0.7083333333333334,0.9166666666666666,24,1.0
previous_canonical_4,affine_coupon_delta,47,STEP KI,33,1,13.971249197365207,18.5118763406925,0.9149765436240861,9.414665274450856,17.278053134215227,-1.5038872256708262,0.21875,0.5,0.6875,32,1.0
previous_canonical_4,affine_coupon_delta,47,STEP no-KI,25,1,8.748626400012217,13.166225322927591,0.9627292503223007,7.999891095101717,12.673144476906165,-1.3969048836625877,0.25,0.5833333333333334,0.7083333333333334,24,1.0
previous_canonical_4,affine_coupon_delta,ensemble,LIZARD KI,33,1,53.64679852566174,54.21838301977147,0.02416272211165993,5.073050136008434,8.120111103538111,-1.5585433484040885,0.1875,0.59375,0.90625,32,1.0
previous_canonical_4,affine_coupon_delta,ensemble,LIZARD no-KI,25,1,65.86323205079353,66.05563626152244,-0.5241919973597542,3.171845296303673,5.466003840247028,-1.8923859236390328,0.4583333333333333,0.7916666666666666,0.9166666666666666,24,1.0
previous_canonical_4,affine_coupon_delta,ensemble,STEP KI,33,1,13.610466497009673,17.932975592400425,0.920211079443086,9.41444724595459,16.780111607024903,-1.5940392508939167,0.21875,0.53125,0.71875,32,1.0
previous_canonical_4,affine_coupon_delta,ensemble,STEP no-KI,25,1,10.312112237847614,12.964647158394063,0.963861762704436,5.489782213575132,8.262606271600854,-1.5754953005704815,0.125,0.5833333333333334,0.875,24,1.0
previous_canonical_4,augmented_delta,101,LIZARD KI,33,1,75.46537977925298,76.86217082586025,-0.9611444094663568,8.151086071853175,15.431117503294294,-4.391465191138467,0.1875,0.65625,0.78125,32,1.0
previous_canonical_4,augmented_delta,101,LIZARD no-KI,25,1,77.28639864370955,78.21160146640457,-1.136792123042964,7.296173221854036,13.221277457975871,-5.097029649988187,0.125,0.625,0.8333333333333334,24,1.0
previous_canonical_4,augmented_delta,101,STEP KI,33,1,37.642032940176826,39.60793706284842,0.6107735713965872,10.898698404997168,18.899007723015888,-4.420342494530689,0.125,0.5,0.6875,32,1.0
previous_canonical_4,augmented_delta,101,STEP no-KI,25,1,23.700349116692742,25.752516030632606,0.8574113706398457,9.94821555892673,16.869963336597646,-5.098278818408377,0.20833333333333334,0.5,0.7083333333333334,24,1.0
previous_canonical_4,augmented_delta,233,LIZARD KI,33,1,25.854749673076707,27.667769578397902,0.7458836654581997,6.752972614929032,10.291230609560595,-2.4539975862629024,0.125,0.59375,0.78125,32,1.0
previous_canonical_4,augmented_delta,233,LIZARD no-KI,25,1,12.279731804732583,13.168414647299791,0.9394259093534024,5.7850825813994655,10.101635967123345,-2.058980905786527,0.20833333333333334,0.6666666666666666,0.875,24,1.0
previous_canonical_4,augmented_delta,233,STEP KI,33,1,36.593803982740525,37.74299044864657,0.6465642394480808,7.27468604488101,14.548186438694822,-2.117423911376011,0.28125,0.71875,0.8125,32,1.0
previous_canonical_4,augmented_delta,233,STEP no-KI,25,1,37.48140726870574,38.85968421095731,0.6753285534025092,7.662983492287495,11.990578833436619,-2.7056738713182273,0.125,0.5416666666666666,0.75,24,1.0
previous_canonical_4,augmented_delta,47,LIZARD KI,33,1,52.625850757699176,53.618709844588516,0.045629510521308814,5.604892212464052,10.533823620309205,-1.4990752976066681,0.34375,0.6875,0.84375,32,1.0
previous_canonical_4,augmented_delta,47,LIZARD no-KI,25,1,30.71185327126848,32.383402799188175,0.6336764152318515,7.184782180791967,10.634853401689991,-1.836779757117602,0.041666666666666664,0.5833333333333334,0.75,24,1.0
previous_canonical_4,augmented_delta,47,STEP KI,33,1,15.920084359038425,20.494636634281992,0.8957878585181339,8.648545644218286,15.315750811989785,-1.0289313390684245,0.15625,0.5625,0.71875,32,1.0
previous_canonical_4,augmented_delta,47,STEP no-KI,25,1,8.79062869585534,9.76410156699338,0.9795020637242531,4.744553350990635,8.11414689030015,-1.8153294899858299,0.375,0.7083333333333334,0.875,24,1.0
previous_canonical_4,augmented_delta,ensemble,LIZARD KI,33,1,5.426546911933022,10.076663921868452,0.9662931762370697,4.973810375722946,10.543854970985464,-2.7815126916689406,0.4375,0.78125,0.90625,32,1.0
previous_canonical_4,augmented_delta,ensemble,LIZARD no-KI,25,1,19.503513203293767,20.52728434841532,0.8528084382236816,5.707534212173809,9.55333120878813,-2.997596770963766,0.25,0.6666666666666666,0.8333333333333334,24,1.0
previous_canonical_4,augmented_delta,ensemble,STEP KI,33,1,22.414723056269864,24.1210476374639,0.8556455396120393,7.9203572816674965,15.59149435374784,-2.5222325816588267,0.25,0.625,0.75,32,1.0
previous_canonical_4,augmented_delta,ensemble,STEP no-KI,25,1,22.735830092293764,23.9107639082232,0.8770771942499325,7.168256662228806,11.835264243088972,-3.2064273932378478,0.25,0.5416666666666666,0.7916666666666666,24,1.0
previous_canonical_4,augmented_price,101,LIZARD KI,33,1,52.19391371253964,54.67255402300255,0.007745660800613896,10.720741333956047,17.477204811754614,-5.480870459569177,0.0625,0.46875,0.6875,32,1.0
previous_canonical_4,augmented_price,101,LIZARD no-KI,25,1,60.055864090181714,61.716952797180724,-0.33054285476327006,7.581390962779316,15.617358107826881,-5.880607211366666,0.2916666666666667,0.6666666666666666,0.7916666666666666,24,1.0
previous_canonical_4,augmented_price,101,STEP KI,33,1,117.65082794612294,119.34704467818298,-2.533956614390839,13.230789646210694,21.138570163469787,-5.76936324386121,0.03125,0.40625,0.5625,32,1.0
previous_canonical_4,augmented_price,101,STEP no-KI,25,1,66.76471357117924,70.54581902912646,-0.07001070310603108,15.567520313203218,25.013694839961445,-5.771364269534474,0.08333333333333333,0.3333333333333333,0.5833333333333334,24,1.0
previous_canonical_4,augmented_price,233,LIZARD KI,33,1,37.42771003949813,39.18362841582102,0.490324707715037,10.531516961936019,18.514188184332536,-5.511566851628503,0.1875,0.53125,0.75,32,1.0
previous_canonical_4,augmented_price,233,LIZARD no-KI,25,1,90.98573899819719,91.93718111652512,-1.9525841514128448,8.892324358174255,14.117636596687328,-4.3319791990273915,0.0,0.5416666666666666,0.7083333333333334,24,1.0
previous_canonical_4,augmented_price,233,STEP KI,33,1,44.51987199632828,47.32185170480495,0.4444011535701685,14.988842083061408,22.926570077631716,-5.3908923759889715,0.0,0.34375,0.625,32,1.0
previous_canonical_4,augmented_price,233,STEP no-KI,25,1,86.61409624682732,89.01310340155412,-0.7035443621308124,13.378727348886231,21.33566548313973,-4.1236435352561145,0.08333333333333333,0.375,0.625,24,1.0
previous_canonical_4,augmented_price,47,LIZARD KI,33,1,94.24151117800307,95.53727652443925,-2.029911862502721,9.695773623081873,16.58844248618094,-4.717781994832238,0.09375,0.46875,0.75,32,1.0
previous_canonical_4,augmented_price,47,LIZARD no-KI,25,1,39.39724939036198,41.14579272120806,0.4086143465735409,11.626156313885696,18.534655734250823,-3.8721541998539095,0.08333333333333333,0.4166666666666667,0.6666666666666666,24,1.0
previous_canonical_4,augmented_price,47,STEP KI,33,1,66.48379938429638,68.87390172820693,-0.17692082649253305,12.29469351276226,19.87906543413324,-4.547915060801517,0.0625,0.46875,0.625,32,1.0
previous_canonical_4,augmented_price,47,STEP no-KI,25,1,28.949507142937872,34.36876429087248,0.7460352757587496,11.704093434073783,20.098035558503785,-3.7891124664542346,0.125,0.5416666666666666,0.625,24,1.0
previous_canonical_4,augmented_price,ensemble,LIZARD KI,33,1,60.49974923830886,62.316663966845034,-0.2891180041562995,9.073150545947925,16.022257088690402,-5.236739768676651,0.21875,0.59375,0.71875,32,1.0
previous_canonical_4,augmented_price,ensemble,LIZARD no-KI,25,1,9.587647686044729,12.496643519147506,0.9454485022027758,7.790456455997486,13.394619727182018,-4.6949135367497234,0.125,0.625,0.8333333333333334,24,1.0
previous_canonical_4,augmented_price,ensemble,STEP KI,33,1,75.24925166312096,77.8472176417234,-0.5035714295346336,13.397568077440287,20.8986667183336,-5.236056893550856,0.03125,0.34375,0.5625,32,1.0
previous_canonical_4,augmented_price,ensemble,STEP no-KI,25,1,18.047643500208213,26.316255049394577,0.8511003298833699,12.711837149183898,21.624816580943325,-4.56137342374829,0.25,0.4166666666666667,0.6666666666666666,24,1.0
previous_real_terms_82,affine_coupon_delta,101,LIZARD KI,759,23,264.87535537472644,360.9675896726626,0.29080266210389105,15.81204421327836,26.66115979464654,-1.0591562070157636,0.09646739130434782,0.37092391304347827,0.5774456521739131,617,0.9432739059967585
previous_real_terms_82,affine_coupon_delta,101,LIZARD no-KI,575,23,186.64638910560433,213.94621488369893,0.658611445519993,10.515334880190983,17.007940756026677,-1.1296094557728809,0.13405797101449277,0.4927536231884058,0.6811594202898551,506,0.9150197628458498
previous_real_terms_82,affine_coupon_delta,101,STEP KI,528,16,108.05374476773663,152.85287077926046,0.881119894773843,10.277794781120871,19.157630055552243,1.4769735135231767,0.220703125,0.552734375,0.708984375,425,0.9670588235294117
previous_real_terms_82,affine_coupon_delta,101,STEP no-KI,500,20,77.917281950448,102.86782419722358,0.9128677295205437,6.035511869665231,10.053701797326294,-0.3285169329617641,0.22708333333333333,0.6354166666666666,0.825,460,0.991304347826087
previous_real_terms_82,affine_coupon_delta,233,LIZARD KI,759,23,154.72957892685648,212.71881979996613,0.7537124223316938,14.423138124582946,25.579124190541027,-1.3975218952879083,0.09103260869565218,0.41032608695652173,0.595108695652174,617,0.9594813614262561
previous_real_terms_82,affine_coupon_delta,233,LIZARD no-KI,575,23,133.75587732121156,152.18600434301715,0.8272614891028054,9.928023784433094,16.26033448892758,-0.5022824472490782,0.1539855072463768,0.5072463768115942,0.6902173913043478,506,0.8695652173913043
previous_real_terms_82,affine_coupon_delta,233,STEP KI,528,16,107.94897722788598,125.64749322000311,0.9196715035352552,10.874840914012825,18.810128642688305,0.9067247010861192,0.126953125,0.482421875,0.677734375,425,0.9694117647058823
previous_real_terms_82,affine_coupon_delta,233,STEP no-KI,500,20,112.8251712527287,145.0704221834364,0.8267083356400597,6.803881556159941,11.90223314425271,-0.431825441755277,0.225,0.6291666666666667,0.7791666666666667,460,0.991304347826087
previous_real_terms_82,affine_coupon_delta,47,LIZARD KI,759,23,133.87309026938624,161.34515261001826,0.8583089162615105,12.27441823046162,21.57609002125896,-1.0658082797356696,0.15353260869565216,0.4796195652173913,0.6440217391304348,617,0.9805510534846029
previous_real_terms_82,affine_coupon_delta,47,LIZARD no-KI,575,23,126.55842893122242,149.3175385424512,0.8337118176809815,12.168567562847702,19.174626167437903,-0.6152764408700198,0.1105072463768116,0.4365942028985507,0.6159420289855072,506,0.8557312252964426
previous_real_terms_82,affine_coupon_delta,47,STEP KI,528,16,103.82749063347381,135.0382500187785,0.907215467523532,11.896585180999939,21.82030783905466,0.8622621972207581,0.169921875,0.509765625,0.6875,425,0.9764705882352941
previous_real_terms_82,affine_coupon_delta,47,STEP no-KI,500,20,113.4748338104315,155.00384154869013,0.8021642169221957,6.306698450445513,10.542735840345633,0.25487842893856544,0.20625,0.6541666666666667,0.8104166666666667,460,0.991304347826087
previous_real_terms_82,affine_coupon_delta,ensemble,LIZARD KI,759,23,162.78196000296515,211.15165006084914,0.7573280181560388,12.748036359016771,23.140903864720105,-1.1741621273463967,0.15353260869565216,0.48233695652173914,0.6440217391304348,617,0.9805510534846029
previous_real_terms_82,affine_coupon_delta,ensemble,LIZARD no-KI,575,23,107.54778167819114,127.18957721666108,0.8793457041672649,9.815645006846765,15.732711645903676,-0.7490561146304255,0.14855072463768115,0.5,0.6902173913043478,506,0.8695652173913043
previous_real_terms_82,affine_coupon_delta,ensemble,STEP KI,528,16,98.359466797048,128.9943004206734,0.9153351731800541,9.991617679869446,18.44045746216887,1.0819868039432647,0.150390625,0.533203125,0.716796875,425,0.9858823529411764
previous_real_terms_82,affine_coupon_delta,ensemble,STEP no-KI,500,20,92.38850725884288,127.64123270076584,0.8658465324849607,5.316620290574481,8.943689591208521,-0.16848798192618328,0.25625,0.66875,0.84375,460,0.991304347826087
previous_real_terms_82,augmented_delta,101,LIZARD KI,759,23,260.78847521803317,400.7956444270703,0.12566741479380616,13.92956794124242,25.53465848222811,-1.643355421774844,0.11005434782608696,0.452445652173913,0.6426630434782609,617,0.9627228525121556
previous_real_terms_82,augmented_delta,101,LIZARD no-KI,575,23,162.40529580208008,208.61596080650173,0.675410246035922,10.271168772766536,17.119406948531857,-1.3949635034237573,0.15942028985507245,0.5144927536231884,0.6992753623188406,506,0.8537549407114624
previous_real_terms_82,augmented_delta,101,STEP KI,528,16,131.08881140180193,170.4523135914148,0.852168228191426,13.348700128159171,23.659391501514655,-0.6900010775680985,0.10546875,0.4375,0.625,425,0.9552941176470588
previous_real_terms_82,augmented_delta,101,STEP no-KI,500,20,75.3445708464298,103.62100351059132,0.9115871254882648,10.11562439063254,16.379994380988787,-2.3377982006842117,0.125,0.49583333333333335,0.6895833333333333,460,0.9565217391304348
previous_real_terms_82,augmented_delta,233,LIZARD KI,759,23,117.92435142110814,149.38909649295607,0.8785301545187818,14.82400203630941,24.367658811159515,-1.3128565747981904,0.08831521739130435,0.39809782608695654,0.5828804347826086,617,0.9416531604538088
previous_real_terms_82,augmented_delta,233,LIZARD no-KI,575,23,146.82335148964083,201.88619050636376,0.6960144300829685,13.775191896710925,21.908161426033978,-0.896046711590792,0.06884057971014493,0.4003623188405797,0.6014492753623188,506,0.8754940711462451
previous_real_terms_82,augmented_delta,233,STEP KI,528,16,79.76311868916599,122.27150353701622,0.9239301628419707,10.292835020286754,18.595644696100738,0.7651334017608917,0.134765625,0.509765625,0.697265625,425,0.9670588235294117
previous_real_terms_82,augmented_delta,233,STEP no-KI,500,20,119.00607780570932,154.6393983727598,0.8030934215169467,7.825009022188597,12.654679547748724,-0.749159328776024,0.1625,0.5604166666666667,0.7395833333333334,460,0.991304347826087
previous_real_terms_82,augmented_delta,47,LIZARD KI,759,23,142.78196401961188,173.8308634430568,0.8355308482774098,12.457883741573735,20.21580440159646,-0.8650685824658978,0.10054347826086957,0.4375,0.6331521739130435,617,0.9270664505672609
previous_real_terms_82,augmented_delta,47,LIZARD no-KI,575,23,165.36778254336045,197.26668942513587,0.7097666903235306,14.604341457750412,23.809112953152248,-0.20307468903664316,0.08695652173913043,0.3967391304347826,0.5833333333333334,506,0.8478260869565217
previous_real_terms_82,augmented_delta,47,STEP KI,528,16,112.0178528976025,143.4061281967233,0.8953600791909784,9.357808378849452,18.03959408367131,0.7723115705047405,0.1796875,0.560546875,0.734375,425,0.8988235294117647
previous_real_terms_82,augmented_delta,47,STEP no-KI,500,20,96.73208443517724,121.06617221857537,0.8793115955285306,6.852498165818546,11.492445296990876,-0.3764763202641627,0.19583333333333333,0.5833333333333334,0.7791666666666667,460,0.9652173913043478
previous_real_terms_82,augmented_delta,ensemble,LIZARD KI,759,23,136.566205077606,196.23111074407663,0.7904120055108801,11.976434361141559,20.473653870866613,-1.2737601930131204,0.10597826086956522,0.46603260869565216,0.6331521739130435,617,0.946515397082658
previous_real_terms_82,augmented_delta,ensemble,LIZARD no-KI,575,23,120.7113721005902,165.98657866379878,0.7945123674981439,11.029796906452061,18.181805354754832,-0.8313616346837448,0.1358695652173913,0.47101449275362317,0.6539855072463768,506,0.8992094861660079
previous_real_terms_82,augmented_delta,ensemble,STEP KI,528,16,97.7514685851721,135.687600126536,0.9063209875442229,9.767409340030284,18.311649358060592,0.2824812982324652,0.14453125,0.546875,0.71875,425,0.9788235294117648
previous_real_terms_82,augmented_delta,ensemble,STEP no-KI,500,20,92.0821174325106,117.12302739049247,0.8870452491478094,6.921791087088652,11.531016205599453,-1.1544779499082247,0.17083333333333334,0.6,0.79375,460,0.9869565217391304
previous_real_terms_82,augmented_price,101,LIZARD KI,759,23,235.9715083040307,350.08426319354624,0.3329231707964009,19.546900260905772,30.867449380100542,-2.74072795236996,0.05434782608695652,0.2907608695652174,0.4986413043478261,617,0.9546191247974068
previous_real_terms_82,augmented_price,101,LIZARD no-KI,575,23,242.76349012975075,273.30453780252253,0.4428996555054504,16.72873749582477,26.322857643403704,-2.7548013619970075,0.08514492753623189,0.3496376811594203,0.5380434782608695,506,0.8932806324110671
previous_real_terms_82,augmented_price,101,STEP KI,528,16,99.19893270947604,133.87884272408718,0.9088018810977527,17.697069876359375,28.327932922619723,-1.4003103278483593,0.083984375,0.330078125,0.53125,425,0.9341176470588235
previous_real_terms_82,augmented_price,101,STEP no-KI,500,20,66.05925022410584,79.53771695595174,0.9479085837905441,12.983789237230145,21.661716597408848,-2.2224669383341293,0.15,0.44166666666666665,0.64375,460,0.9565217391304348
previous_real_terms_82,augmented_price,233,LIZARD KI,759,23,126.28606320391314,151.8625782810608,0.8744744261104495,18.184718473871335,28.506392692287108,-2.5283693985975733,0.051630434782608696,0.3016304347826087,0.5108695652173914,617,0.9675850891410048
previous_real_terms_82,augmented_price,233,LIZARD no-KI,575,23,150.1731011991079,200.87516566066097,0.699051462061516,15.970867677372883,24.983666755405878,-2.422650159808986,0.07971014492753623,0.3442028985507246,0.5362318840579711,506,0.8221343873517787
previous_real_terms_82,augmented_price,233,STEP KI,528,16,167.96550706865904,197.07816643984725,0.8023763084888325,18.60903446626478,29.264609513865135,-0.83972864373581,0.08203125,0.32421875,0.521484375,425,0.9247058823529412
previous_real_terms_82,augmented_price,233,STEP no-KI,500,20,152.69470443589194,174.2307171175183,0.7500406588383659,13.482860146256204,21.649057246170532,-1.434925668078087,0.09375,0.40625,0.60625,460,0.9021739130434783
previous_real_terms_82,augmented_price,47,LIZARD KI,759,23,116.44832224480041,156.1523963025311,0.8672825635718493,18.66237664682111,28.85156816900306,-1.8292822310339272,0.05570652173913043,0.2826086956521739,0.4945652173913043,617,0.9238249594813615
previous_real_terms_82,augmented_price,47,LIZARD no-KI,575,23,101.04655059464697,146.65570371171373,0.8395877027913267,17.416339611949052,27.387819200974082,-1.5679314314670674,0.07608695652173914,0.32065217391304346,0.5144927536231884,506,0.8636363636363636
previous_real_terms_82,augmented_price,47,STEP KI,528,16,140.78341135352028,170.59812963323662,0.851915190099121,15.069031217223166,24.06300997278401,-0.22726996391074233,0.095703125,0.3828125,0.58203125,425,0.9811764705882353
previous_real_terms_82,augmented_price,47,STEP no-KI,500,20,99.73176930650918,134.82414091845368,0.8503229391823406,8.64593507198192,13.174669077142966,-1.0206212328249435,0.11875,0.5020833333333333,0.7041666666666667,460,0.991304347826087
previous_real_terms_82,augmented_price,ensemble,LIZARD KI,759,23,138.51579098404287,197.16702933621931,0.7884079901102088,16.289827419983716,26.499930797715393,-2.3661265273339462,0.08152173913043478,0.360054347826087,0.5665760869565217,617,0.9740680713128039
previous_real_terms_82,augmented_price,ensemble,LIZARD no-KI,575,23,120.79342636599898,164.32098779757985,0.7986156044283197,13.4623560946272,20.74400672663167,-2.2484609844243617,0.10144927536231885,0.39492753623188404,0.5869565217391305,506,0.8913043478260869
previous_real_terms_82,augmented_price,ensemble,STEP KI,528,16,109.43698594068131,142.22237257899283,0.8970804639033068,16.185217409727976,26.03370409713536,-0.8224363118316028,0.130859375,0.365234375,0.556640625,425,0.9905882352941177
previous_real_terms_82,augmented_price,ensemble,STEP no-KI,500,20,82.31968296555345,105.49924428136606,0.9083529225201089,11.090801942175737,17.139425164794304,-1.5593379464123542,0.09166666666666666,0.4479166666666667,0.65,460,0.9565217391304348
published_monthly_6,affine_coupon_delta,101,LIZARD no-KI,33,1,95.80203468252004,96.45990045914876,-5.231295904608205,8.045144192868406,11.428147103158794,0.4155131586120465,0.03125,0.5,0.75,27,0.9259259259259259
published_monthly_6,affine_coupon_delta,101,STEP KI,41,1,119.24290931786575,119.59282755057927,-4.921473764235576,4.8341368002544876,9.255407455684772,0.016441917139172268,0.45,0.75,0.875,40,1.0
published_monthly_6,affine_coupon_delta,101,STEP no-KI,132,4,74.2200586512782,91.46343574225955,0.9419338545042313,4.929636027784014,7.60219392877427,0.3955886012330052,0.171875,0.6640625,0.875,128,0.9453125
published_monthly_6,affine_coupon_delta,233,LIZARD no-KI,33,1,71.50766914643717,72.26413714529075,-2.497279958017544,7.441569515154848,10.59062225073333,0.06257915573576472,0.0625,0.5,0.78125,27,0.9259259259259259
published_monthly_6,affine_coupon_delta,233,STEP KI,41,1,96.21218339679315,96.3186153071621,-2.8409619258437946,2.8146226213001047,4.591340417027165,-0.28038921384227294,0.425,0.8,0.925,40,1.0
published_monthly_6,affine_coupon_delta,233,STEP no-KI,132,4,77.1883110423288,111.4287879532778,0.9138167656346606,3.1833116097586345,4.745029013610371,0.3041047847285268,0.3359375,0.78125,0.9375,128,1.0
published_monthly_6,affine_coupon_delta,47,LIZARD no-KI,33,1,68.17416198428526,68.98950272849235,-2.1875043444374556,6.536253950551654,10.741303301358009,-0.21691074890634043,0.40625,0.59375,0.75,27,0.9259259259259259
published_monthly_6,affine_coupon_delta,47,STEP KI,41,1,72.06045402239606,72.25614442361554,-1.1615690291298804,3.716576866433596,5.389389577919912,-0.3171205761851074,0.25,0.75,0.95,40,1.0
published_monthly_6,affine_coupon_delta,47,STEP no-KI,132,4,63.500801209461684,74.14429395119231,0.9618421898121786,3.358553602659981,5.452172057019737,0.3955047822012898,0.3125,0.7890625,0.9140625,128,0.953125
published_monthly_6,affine_coupon_delta,ensemble,LIZARD no-KI,33,1,78.49462193774762,79.14573129394206,-3.195075184551336,6.70257738253576,10.288634185729594,0.08706052181352264,0.1875,0.59375,0.71875,27,0.9259259259259259
published_monthly_6,affine_coupon_delta,ensemble,STEP KI,41,1,95.83851557901835,95.92163592472839,-2.809365946707327,2.382279365539296,4.046510826229169,-0.1936892909627545,0.45,0.825,0.975,40,1.0
published_monthly_6,affine_coupon_delta,ensemble,STEP no-KI,132,4,67.13368841576631,89.68491136382175,0.944170113876066,3.230916906333702,5.053051260595885,0.3650660560543898,0.2890625,0.8203125,0.9296875,128,0.96875
published_monthly_6,augmented_delta,101,LIZARD no-KI,33,1,109.02406078499068,110.23582664638265,-7.13823605174381,12.2801814457636,16.55324401927566,0.12592771726110952,0.0,0.375,0.5625,27,0.9259259259259259
published_monthly_6,augmented_delta,101,STEP KI,41,1,44.3691827754627,45.205853740251754,0.15392494200275386,6.207708542489042,8.810663938877399,-0.9108126404703857,0.125,0.6,0.775,40,1.0
published_monthly_6,augmented_delta,101,STEP no-KI,132,4,45.56994726475272,57.04094799425285,0.9774159698536833,8.082191327971213,11.66339168049138,1.033721516133785,0.09375,0.5078125,0.71875,128,0.9453125
published_monthly_6,augmented_delta,233,LIZARD no-KI,33,1,110.30091871017453,110.78041733681377,-7.218844240587515,6.383623285288075,10.466847386639204,0.491173804573808,0.28125,0.59375,0.8125,27,0.9629629629629629
published_monthly_6,augmented_delta,233,STEP KI,41,1,59.67171583214054,60.2242606544951,-0.5016284759341039,4.820384835313005,8.279986516676807,-0.8187979700983764,0.375,0.725,0.85,40,1.0
published_monthly_6,augmented_delta,233,STEP no-KI,132,4,71.08826336769496,100.67762505483087,0.9296451729406582,6.600872889963564,10.230403635915504,-0.4000030213580137,0.15625,0.5859375,0.7734375,128,0.9453125
published_monthly_6,augmented_delta,47,LIZARD no-KI,33,1,63.22544119677453,64.93127568538358,-1.8235314337352357,10.693862847977812,15.060349720816042,1.187877596192155,0.03125,0.40625,0.65625,27,0.9259259259259259
published_monthly_6,augmented_delta,47,STEP KI,41,1,84.89204018561448,85.08490860738401,-1.9972613582152734,4.305871492960698,5.801967146710719,0.24811027021992188,0.1,0.65,0.9,40,0.85
published_monthly_6,augmented_delta,47,STEP no-KI,132,4,74.24086430711873,85.9594195135396,0.9487120992376612,4.683706402321798,7.081845286726726,0.6299373006834981,0.1796875,0.6796875,0.875,128,0.9765625
published_monthly_6,augmented_delta,ensemble,LIZARD no-KI,33,1,94.18347356397973,95.09797036313097,-5.056577130275869,8.792803478361193,13.373764964143039,0.6016597060092901,0.15625,0.5,0.6875,27,0.9259259259259259
published_monthly_6,augmented_delta,ensemble,STEP KI,41,1,62.97764626440585,63.16979976722019,-0.6521084094279384,2.5067300260891594,5.008351910076289,-0.49383344678253016,0.575,0.85,0.925,40,1.0
published_monthly_6,augmented_delta,ensemble,STEP no-KI,132,4,62.4667305938872,79.26473106163901,0.9563898122516687,5.110413742814847,8.268727951340134,0.4212185984864062,0.25,0.703125,0.828125,128,0.953125
published_monthly_6,augmented_price,101,LIZARD no-KI,33,1,118.78986640512636,121.16791889170241,-8.832411672894612,16.789478970383893,24.259006722600834,-0.18982788843652187,0.0625,0.28125,0.53125,27,0.9629629629629629
published_monthly_6,augmented_price,101,STEP KI,41,1,85.74411038925605,87.42490622986725,-2.164389185178766,11.942063689087606,17.371439288604293,-1.8746495488108397,0.075,0.425,0.65,40,1.0
published_monthly_6,augmented_price,101,STEP no-KI,132,4,67.13232406113781,72.60129308808341,0.963413851962738,11.510070917866248,16.94689093349136,0.2468144765510556,0.078125,0.4140625,0.6328125,128,0.90625
published_monthly_6,augmented_price,233,LIZARD no-KI,33,1,121.76417430344549,122.96013147006154,-9.125428094286448,12.783786071156754,17.373235766642953,-0.05825063509484707,0.0,0.375,0.46875,27,0.9629629629629629
published_monthly_6,augmented_price,233,STEP KI,41,1,51.66349743904734,54.83630003670934,-0.2449612363099094,12.989448240328977,18.787171717831917,-2.6024222615183596,0.0,0.375,0.575,40,1.0
published_monthly_6,augmented_price,233,STEP no-KI,132,4,30.333820688038156,35.161645811951225,0.9914184375889888,9.019453379217016,13.484440773398589,-1.40838788241005,0.046875,0.515625,0.6875,128,1.0
published_monthly_6,augmented_price,47,LIZARD no-KI,33,1,15.19251484351006,21.795648398428998,0.6818555562259789,15.475867105340255,22.051560715411433,0.46023526864508213,0.0625,0.3125,0.53125,27,0.9629629629629629
published_monthly_6,augmented_price,47,STEP KI,41,1,140.03063976744923,141.01053155957587,-7.232327526796164,10.894003189640694,17.00889871761058,-2.6839614155710936,0.225,0.475,0.65,40,1.0
published_monthly_6,augmented_price,47,STEP no-KI,132,4,52.2841043085524,59.115863433844225,0.9757430579951175,8.95489003672328,14.349575186122994,-1.2766243645534519,0.1640625,0.5234375,0.7109375,128,1.0
published_monthly_6,augmented_price,ensemble,LIZARD no-KI,33,1,79.54232107611912,82.06148288186901,-3.509864330998024,15.016377382293715,20.489827885817952,0.07071891503828587,0.0,0.28125,0.46875,27,0.9629629629629629
published_monthly_6,augmented_price,ensemble,STEP KI,41,1,92.47941586525099,93.91669642226704,-2.6517846303625277,11.354165008593776,16.73797916132599,-2.387011075299792,0.05,0.45,0.65,40,1.0
published_monthly_6,augmented_price,ensemble,STEP no-KI,132,4,39.508961953010726,43.48099340907603,0.9868771884804024,8.948301609707428,13.766388920261072,-0.8127325901371433,0.1328125,0.5078125,0.6953125,128,1.0
regular_test,affine_coupon_delta,101,LIZARD KI,1056,32,111.32237473083812,167.06071512365224,0.9057361385745877,9.755416006854196,17.077255096645207,-1.5865541949548378,0.1875,0.529296875,0.7099609375,952,0.9506302521008403
regular_test,affine_coupon_delta,101,LIZARD no-KI,800,32,87.36284824721804,117.18721251315134,0.9736315491121889,7.735564672522187,13.441321970674908,-1.6003663648586368,0.20572916666666666,0.6028645833333334,0.7721354166666666,739,0.9688768606224628
regular_test,affine_coupon_delta,101,STEP KI,1056,32,43.859428808572595,55.72986871467784,0.9890179839090982,7.419464452494275,13.73859670387298,-1.5258808493732727,0.224609375,0.611328125,0.7705078125,979,0.9938712972420838
regular_test,affine_coupon_delta,101,STEP no-KI,800,32,38.10594195714612,56.15017212205633,0.9884210735402793,7.398634189671374,14.474815843421862,-1.2956671173298722,0.23046875,0.6263020833333334,0.7838541666666666,766,1.0
regular_test,affine_coupon_delta,233,LIZARD KI,1056,32,95.66724920248001,137.93271994718847,0.935741415500295,9.786010201100527,17.700303846744667,-1.5253948235564485,0.158203125,0.5380859375,0.716796875,952,0.9432773109243697
regular_test,affine_coupon_delta,233,LIZARD no-KI,800,32,89.01703746912554,116.57782975106676,0.9739050721427145,7.461618693353004,12.529531548693672,-1.2340026904564,0.171875,0.5872395833333334,0.7552083333333334,739,0.979702300405954
regular_test,affine_coupon_delta,233,STEP KI,1056,32,44.313409648615064,56.35660780070348,0.988769587088418,7.2860513218909055,13.496210438635869,-1.2086543360843578,0.228515625,0.615234375,0.78515625,979,0.9969356486210419
regular_test,affine_coupon_delta,233,STEP no-KI,800,32,38.66809954066921,59.81611902037086,0.9868597818457631,7.008290703400945,13.721167945915223,-1.0540789370660348,0.22786458333333334,0.6484375,0.8072916666666666,766,1.0
regular_test,affine_coupon_delta,47,LIZARD KI,1056,32,125.00465956509807,170.95084913192832,0.9012950168661982,9.817404551891013,17.526362075972532,-1.6523777462222236,0.1572265625,0.53125,0.7158203125,952,0.9485294117647058
regular_test,affine_coupon_delta,47,LIZARD no-KI,800,32,98.42192204747614,126.08773476303222,0.9694740032788798,8.364797179100865,14.102110712686807,-1.5140948503634233,0.171875,0.5572916666666666,0.7447916666666666,739,0.9769959404600812
regular_test,affine_coupon_delta,47,STEP KI,1056,32,55.658380628636635,67.2451288482942,0.9840107646189027,7.630433143590263,14.60850284085431,-1.8277783751606262,0.205078125,0.6162109375,0.7822265625,979,1.0
regular_test,affine_coupon_delta,47,STEP no-KI,800,32,40.17849657228647,53.695707987398144,0.9894112362699522,6.20629000833861,12.355449358859728,-1.4437280041400955,0.2604166666666667,0.6796875,0.8307291666666666,766,1.0
regular_test,affine_coupon_delta,ensemble,LIZARD KI,1056,32,99.67991156736262,149.99005728056488,0.924016114825116,8.859553142925598,16.38165947538222,-1.5881089215778321,0.19921875,0.5673828125,0.748046875,952,0.9600840336134454
regular_test,affine_coupon_delta,ensemble,LIZARD no-KI,800,32,77.70640832670398,104.40720975774406,0.9790692327937516,7.2010124071463695,12.256157128341185,-1.4494879685595095,0.21354166666666666,0.61328125,0.7734375,739,0.9783491204330176
regular_test,affine_coupon_delta,ensemble,STEP KI,1056,32,43.34435071882736,53.46426892605176,0.9898927431802711,6.905126006768079,13.178210042364462,-1.5207711868727813,0.2392578125,0.638671875,0.798828125,979,0.9979570990806946
regular_test,affine_coupon_delta,ensemble,STEP no-KI,800,32,34.353141363085264,51.91788385019036,0.9901008004966577,6.432342050329798,13.092492489090047,-1.2644913528453985,0.2721354166666667,0.67578125,0.8294270833333334,766,1.0
regular_test,augmented_delta,101,LIZARD KI,1056,32,139.6480916367841,184.4043870712204,0.8851478705365604,12.637291466104976,23.087610324028365,-2.313684877162482,0.1630859375,0.4931640625,0.6630859375,952,0.9726890756302521
regular_test,augmented_delta,101,LIZARD no-KI,800,32,105.18223091179689,134.14600776437157,0.9654474842823633,9.308938185341292,15.723622478137123,-2.1913021799843406,0.17447916666666666,0.5247395833333334,0.70703125,739,0.979702300405954
regular_test,augmented_delta,101,STEP KI,1056,32,65.93760886327368,83.4531773535532,0.9753741183115531,10.720656288178725,20.45891565383758,-2.8444688873484054,0.1357421875,0.5283203125,0.7021484375,979,0.9989785495403473
regular_test,augmented_delta,101,STEP no-KI,800,32,46.89985611005006,60.596125564911794,0.986514848635351,9.608141914396972,18.540013804945758,-2.7412613610351446,0.17578125,0.5625,0.73046875,766,1.0
regular_test,augmented_delta,233,LIZARD KI,1056,32,135.15289958209073,193.12444234206168,0.874028865854535,11.977761178464402,21.217602807150808,-1.9106457197718871,0.12109375,0.470703125,0.6640625,952,0.9653361344537815
regular_test,augmented_delta,233,LIZARD no-KI,800,32,90.18262797078292,119.63937953220795,0.9725164725670578,8.320342343129726,14.064624648666811,-1.6616427336554622,0.17057291666666666,0.5625,0.7434895833333334,739,0.9783491204330176
regular_test,augmented_delta,233,STEP KI,1056,32,55.063989889491964,67.79744443704396,0.9837470318819244,9.286867291634612,17.193219184303857,-2.0042151086150923,0.185546875,0.5458984375,0.736328125,979,0.9989785495403473
regular_test,augmented_delta,233,STEP no-KI,800,32,49.189475959538484,70.683761275024,0.9816512951532945,8.210436336827915,15.9102084611932,-1.843252194913662,0.21484375,0.6015625,0.76171875,766,0.9921671018276762
regular_test,augmented_delta,47,LIZARD KI,1056,32,131.35693595391092,170.52096299826914,0.9017908149570039,9.695735099479272,17.69579819682097,-1.1850354216673031,0.1669921875,0.54296875,0.7197265625,952,0.9663865546218487
regular_test,augmented_delta,47,LIZARD no-KI,800,32,106.49917223981858,134.5482463612633,0.9652399612576297,9.324084237037837,14.928067024177492,-1.389757853937238,0.11848958333333333,0.5078125,0.7109375,739,0.9675236806495264
regular_test,augmented_delta,47,STEP KI,1056,32,58.50512494295915,70.93987084620358,0.9822054576655707,7.908891832637238,14.666015402796619,-1.2377046154930509,0.1865234375,0.5927734375,0.76171875,979,0.9938712972420838
regular_test,augmented_delta,47,STEP no-KI,800,32,41.38566142418604,59.6742234917826,0.9869220502345082,7.467305274779623,14.411744129608893,-1.3190627165063584,0.23177083333333334,0.6263020833333334,0.77734375,766,1.0
regular_test,augmented_delta,ensemble,LIZARD KI,1056,32,127.09102492107318,171.45224321604647,0.9007151698352741,10.632499731752858,19.27715927164271,-1.8031220062004856,0.142578125,0.5107421875,0.708984375,952,0.9789915966386554
regular_test,augmented_delta,ensemble,LIZARD no-KI,800,32,91.88076920510582,118.57329168766898,0.973004093138466,8.002732363203302,13.426011505515568,-1.7475675891924058,0.140625,0.56640625,0.7643229166666666,739,0.9769959404600812
regular_test,augmented_delta,ensemble,STEP KI,1056,32,53.01329705999373,65.31608906142989,0.984914962961094,8.713066183440425,16.5458308328709,-2.028796203818804,0.19921875,0.5703125,0.74609375,979,0.9989785495403473
regular_test,augmented_delta,ensemble,STEP no-KI,800,32,37.64514930579958,54.77626347098119,0.9889807783359306,7.836274764331055,15.532236057229548,-1.9678587574850368,0.2109375,0.6184895833333334,0.7799479166666666,766,1.0
regular_test,augmented_price,101,LIZARD KI,1056,32,145.17929619228954,201.40690476946742,0.8629922089021203,16.899225596537647,31.505244060373208,-3.454589955662991,0.1083984375,0.4091796875,0.58984375,952,0.9758403361344538
regular_test,augmented_price,101,LIZARD no-KI,800,32,90.6348290351036,109.60382194989762,0.9769338259172476,14.471649697562137,28.22718341692005,-2.6217377431115403,0.11328125,0.4622395833333333,0.6432291666666666,739,0.9675236806495264
regular_test,augmented_price,101,STEP KI,1056,32,89.21331686710778,110.8022645429112,0.9565886482998343,14.59795667282663,28.19383035993802,-4.19585461394184,0.1044921875,0.4365234375,0.62890625,979,0.9979570990806946
regular_test,augmented_price,101,STEP no-KI,800,32,64.66321066962904,83.08233033332343,0.9746496797258215,13.90812748609821,26.106419173423745,-3.8739482939168184,0.1640625,0.4674479166666667,0.6575520833333334,766,1.0
regular_test,augmented_price,233,LIZARD KI,1056,32,139.82222487142974,201.32891064155203,0.8630982999437987,16.52605740195918,30.034252480172842,-3.710202495721783,0.12109375,0.4189453125,0.59765625,952,0.9747899159663865
regular_test,augmented_price,233,LIZARD no-KI,800,32,98.55510141288994,126.67374439573238,0.9691895965865861,13.47570604390591,26.50565617319647,-2.847213266732384,0.16796875,0.4817708333333333,0.6627604166666666,739,0.9783491204330176
regular_test,augmented_price,233,STEP KI,1056,32,67.05770249346868,102.86648104077624,0.9625843062330067,16.593488897552668,31.937795868085022,-4.440692915965549,0.087890625,0.400390625,0.615234375,979,0.982635342185904
regular_test,augmented_price,233,STEP no-KI,800,32,54.42485900730435,69.08812652589566,0.9824703621528573,14.543161092079997,27.376060299595647,-4.0613482462788,0.16666666666666666,0.4622395833333333,0.6484375,766,0.9895561357702349
regular_test,augmented_price,47,LIZARD KI,1056,32,138.91321542711248,183.4544767874012,0.8863280834672962,17.260505274631072,31.125036496833108,-3.528074799259808,0.107421875,0.412109375,0.5947265625,952,0.9831932773109243
regular_test,augmented_price,47,LIZARD no-KI,800,32,100.2930737565452,137.239492652716,0.9638355074059077,14.608296891027281,27.80652762048777,-2.7442997939309373,0.14583333333333334,0.45703125,0.6315104166666666,739,0.9783491204330176
regular_test,augmented_price,47,STEP KI,1056,32,77.84601250810776,106.20515915985906,0.9601161325745429,15.405792242057004,30.462814008976103,-4.108855697710744,0.1162109375,0.447265625,0.6328125,979,0.9918283963227783
regular_test,augmented_price,47,STEP no-KI,800,32,74.17707270913108,89.38744777862559,0.9706560086116788,13.533850630709976,25.821283952256593,-3.7958413739924004,0.16536458333333334,0.4778645833333333,0.671875,766,1.0
regular_test,augmented_price,ensemble,LIZARD KI,1056,32,135.88354213521706,189.1623830132745,0.879144586957771,16.609589059191393,30.394593255806768,-3.5642890835481533,0.1201171875,0.4130859375,0.5927734375,952,0.9758403361344538
regular_test,augmented_price,ensemble,LIZARD no-KI,800,32,86.4318937695181,113.49357704741097,0.9752675729569519,13.742268069109272,26.92826168440965,-2.737750267924914,0.15104166666666666,0.4856770833333333,0.66796875,739,0.9783491204330176
regular_test,augmented_price,ensemble,STEP KI,1056,32,69.29508049385511,98.41204070282055,0.9657545789000213,15.119362275812257,29.735775794041313,-4.248467742539409,0.095703125,0.4326171875,0.6328125,979,0.9989785495403473
regular_test,augmented_price,ensemble,STEP no-KI,800,32,55.43858618631966,69.87731468811171,0.9820675955195871,13.587756600680661,25.947432204596964,-3.9103793047292346,0.19010416666666666,0.4856770833333333,0.6588541666666666,766,1.0
