cohort,model,training_seed,axis,offset,n_families,n_rows,price_mae,price_rmse,price_r2,delta_mae,delta_rmse,delta_bias,within_1,within_5,within_10,resolved_n,resolved_sign
monthly_test_128,affine_coupon_delta,101,ALL,0,128,1536,169.9820013459869,245.47000381924659,0.8292674563844935,179.2674782872934,264.1146641462937,-128.8542345290306,0.009232954545454546,0.046875,0.09943181818181818,1353,0.6489283074648928
monthly_test_128,affine_coupon_delta,101,base,0,128,128,91.52863254701457,161.00340215547322,0.9260483151476028,,,,,,,0,
monthly_test_128,affine_coupon_delta,101,nobs_early,1,128,128,213.14505974737438,246.33411810085306,0.7445356745866942,277.4037095765242,324.13915285896223,-265.3077507953511,0.0,0.0078125,0.015625,127,0.33858267716535434
monthly_test_128,affine_coupon_delta,101,nobs_late,1,128,128,427.2960913199497,465.4957768741203,0.37031223521385714,496.6292338876772,514.5286136393914,-496.6292338876772,0.0,0.0,0.0,123,0.08130081300813008
monthly_test_128,affine_coupon_delta,101,nobs_middle,1,128,128,405.04817995746635,446.94155194011614,0.41722860396505235,473.83133807570505,493.23691077096805,-473.83133807570505,0.0,0.0,0.0,120,0.10833333333333334
monthly_test_128,affine_coupon_delta,101,tenor_months,-12,128,128,180.92206386194445,235.92619015944524,0.7568926796036483,224.00844135344167,280.8129396719183,33.88798622410056,0.0,0.0078125,0.0234375,127,0.937007874015748
monthly_test_128,affine_coupon_delta,101,tenor_months,-6,128,128,99.34126308406195,127.53548465967442,0.9441714453304425,117.31127931349278,148.1416248531578,-82.18844961162883,0.015625,0.03125,0.0625,128,0.6875
monthly_test_128,affine_coupon_delta,101,tenor_months,-3,128,128,87.94050528472025,128.1126664578458,0.9479767867711572,62.81274652871322,79.52649391492581,-45.47519193665353,0.0078125,0.0546875,0.109375,121,0.6363636363636364
monthly_test_128,affine_coupon_delta,101,tenor_months,-1,128,128,100.67121419802203,166.08464222157994,0.9168371889622234,25.625644296547506,31.06415244703075,14.037935814043433,0.015625,0.1015625,0.21875,99,0.3838383838383838
monthly_test_128,affine_coupon_delta,101,tenor_months,1,128,128,90.91045490614843,156.98975068361244,0.9310437148007514,15.749650136243435,20.668998666869093,-2.99179215291701,0.03125,0.1796875,0.4140625,125,0.936
monthly_test_128,affine_coupon_delta,101,tenor_months,3,128,128,90.394075640529,147.6800591419323,0.9416642085632446,40.89376518035819,49.95202337301156,-19.26485083730681,0.015625,0.0703125,0.1328125,128,0.984375
monthly_test_128,affine_coupon_delta,101,tenor_months,6,128,128,102.41948322915354,147.59112449264066,0.9458268087985209,82.9620086254972,102.40537128393116,-41.81586958568235,0.015625,0.046875,0.09375,127,0.984251968503937
monthly_test_128,affine_coupon_delta,101,tenor_months,12,128,128,150.16699237545825,189.3643537194925,0.9207048079433946,154.714444186027,180.92267424454286,-37.81802497455864,0.0,0.015625,0.0234375,128,0.953125
monthly_test_128,affine_coupon_delta,233,ALL,0,128,1536,219.8766728859716,299.177129681224,0.7463842419463895,203.07477121857755,294.6002616121523,-142.51030718624727,0.011363636363636364,0.03622159090909091,0.07528409090909091,1353,0.6570583887657059
monthly_test_128,affine_coupon_delta,233,base,0,128,128,165.32036623549257,279.10002495701997,0.7777725426134643,,,,,,,0,
monthly_test_128,affine_coupon_delta,233,nobs_early,1,128,128,229.4690304204459,253.0683504471351,0.7303770877777818,376.1131079482791,471.73256546965376,-371.83842459725014,0.0,0.0,0.0,127,0.4094488188976378
monthly_test_128,affine_coupon_delta,233,nobs_late,1,128,128,393.1897365542625,444.6626443247573,0.42541397772525513,506.25209645021437,526.3388911686094,-506.25209645021437,0.0,0.0,0.0,123,0.08130081300813008
monthly_test_128,affine_coupon_delta,233,nobs_middle,1,128,128,354.1755506491127,402.24179496201674,0.5279683167165898,460.49052869320667,479.2193640613439,-460.49052869320667,0.0,0.0,0.0,120,0.10833333333333334
monthly_test_128,affine_coupon_delta,233,tenor_months,-12,128,128,264.828403353679,315.915027528096,0.564100573807085,293.03874700401775,344.03233869266336,109.09777892749068,0.0078125,0.0078125,0.0078125,127,0.8582677165354331
monthly_test_128,affine_coupon_delta,233,tenor_months,-6,128,128,197.58600969743702,234.93382309449476,0.8105540161343031,128.25416219919376,157.60994407898903,20.078242944812004,0.0,0.0390625,0.0703125,128,0.828125
monthly_test_128,affine_coupon_delta,233,tenor_months,-3,128,128,155.89524357287436,227.28004168961667,0.8362672210556262,67.81289957488302,85.69494514706557,-49.61776597128478,0.015625,0.03125,0.0546875,121,0.5950413223140496
monthly_test_128,affine_coupon_delta,233,tenor_months,-1,128,128,188.83900472153655,294.54448436847997,0.7384395960936616,35.40616526905621,41.836559289432806,29.064727766593844,0.015625,0.046875,0.1171875,99,0.30303030303030304
monthly_test_128,affine_coupon_delta,233,tenor_months,1,128,128,162.7435764411518,277.62505229185297,0.7843504459350173,15.289556161475995,19.385300800096157,-10.49010303178988,0.046875,0.203125,0.3828125,125,0.952
monthly_test_128,affine_coupon_delta,233,tenor_months,3,128,128,165.90707812113584,268.28928169482174,0.8074701712670593,49.09231023322221,58.35887469991131,-44.08534716548188,0.03125,0.046875,0.109375,128,0.9921875
monthly_test_128,affine_coupon_delta,233,tenor_months,6,128,128,171.8559929580466,256.15071655611155,0.8368244495336661,106.1884302090007,125.5164364846783,-99.79141231726547,0.0,0.015625,0.046875,127,1.0
monthly_test_128,affine_coupon_delta,233,tenor_months,12,128,128,188.71008190648428,254.05283287452176,0.857275516747499,195.88447966180354,231.59884533794224,-183.28845046112332,0.0078125,0.0078125,0.0390625,128,0.96875
monthly_test_128,affine_coupon_delta,47,ALL,0,128,1536,204.46904196803825,294.1591704848729,0.7548204541726373,207.1801121741233,298.6793037980107,-18.237055274791338,0.002130681818181818,0.017045454545454544,0.03835227272727273,1353,0.7339246119733924
monthly_test_128,affine_coupon_delta,47,base,0,128,128,61.38821517159691,102.39596998255553,0.9700881209952056,,,,,,,0,
monthly_test_128,affine_coupon_delta,47,nobs_early,1,128,128,161.63475027338032,185.47260459477377,0.8551759566757999,181.7659643170253,222.61785481116124,46.03516472472083,0.0,0.0078125,0.03125,127,0.7716535433070866
monthly_test_128,affine_coupon_delta,47,nobs_late,1,128,128,292.5389617129092,328.53329031837694,0.6863447720325186,315.5833764145072,343.1967541894811,-314.3069329171228,0.0,0.0,0.0,123,0.0975609756097561
monthly_test_128,affine_coupon_delta,47,nobs_middle,1,128,128,211.13146915382816,254.77858399763733,0.8106250195252551,227.83507666920028,265.8232942470741,-220.02904230148357,0.0,0.0078125,0.0078125,120,0.16666666666666666
monthly_test_128,affine_coupon_delta,47,tenor_months,-12,128,128,628.7629404551515,709.6701453766447,-1.1996764155426982,600.2661332983697,691.6811408511325,596.3585229031299,0.0,0.0,0.0,127,0.9763779527559056
monthly_test_128,affine_coupon_delta,47,tenor_months,-6,128,128,287.64356562096884,341.0361472639726,0.6007957671136677,263.2334546377526,322.3834269766163,249.0309106207244,0.0,0.0,0.015625,128,0.96875
monthly_test_128,affine_coupon_delta,47,tenor_months,-3,128,128,69.65551616466456,89.43781123607094,0.9746454821076888,55.00751512917747,72.11765587192005,-29.5638018630561,0.0078125,0.078125,0.1875,121,0.6776859504132231
monthly_test_128,affine_coupon_delta,47,tenor_months,-1,128,128,90.24579385015845,127.59397851993468,0.9509170599338012,49.61745216832283,57.297196657174545,48.64503518321172,0.0078125,0.015625,0.046875,99,0.35353535353535354
monthly_test_128,affine_coupon_delta,47,tenor_months,1,128,128,66.6877547412778,104.38488242339375,0.9695135770517033,29.151406279122526,34.34971418939962,-27.473999525701625,0.0078125,0.0625,0.109375,125,0.96
monthly_test_128,affine_coupon_delta,47,tenor_months,3,128,128,113.89736243134811,135.77739300900237,0.9506887160618915,92.28329972829965,103.84383434033505,-91.25755734475119,0.0,0.0078125,0.015625,128,1.0
monthly_test_128,affine_coupon_delta,47,tenor_months,6,128,128,185.8903087870578,210.5076829887672,0.889795370607859,180.2119754629469,199.2202989591224,-178.62072967093127,0.0,0.0078125,0.0078125,127,0.9921259842519685
monthly_test_128,affine_coupon_delta,47,tenor_months,12,128,128,284.1518652541175,320.5654946935363,0.7727604385470933,284.0255798106319,317.50255843744264,-279.425177831445,0.0,0.0,0.0,128,0.96875
monthly_test_128,affine_coupon_delta,ensemble,ALL,0,128,1536,175.41345239895296,244.62834125432275,0.8304362577199723,173.6664550084214,252.40912217342347,-96.53386566335642,0.007102272727272727,0.030539772727272728,0.07173295454545454,1353,0.7065779748706578
monthly_test_128,affine_coupon_delta,ensemble,base,0,128,128,97.43393237723213,171.98093367095225,0.9156201845063441,,,,,,,0,
monthly_test_128,affine_coupon_delta,ensemble,nobs_early,1,128,128,127.06041915968294,151.24901775705266,0.9036911376972486,205.61210645786565,284.9187412364241,-197.03700355596013,0.0,0.0078125,0.015625,127,0.5984251968503937
monthly_test_128,affine_coupon_delta,ensemble,nobs_late,1,128,128,367.1049778113377,405.27468734167996,0.5226985837065539,439.06275441833816,458.38945701824974,-439.06275441833816,0.0,0.0,0.0,123,0.08130081300813008
monthly_test_128,affine_coupon_delta,ensemble,nobs_middle,1,128,128,316.33951903354,353.41958221200474,0.6356003256156262,384.7836363567985,405.68445311660855,-384.7836363567985,0.0,0.0,0.0,120,0.10833333333333334
monthly_test_128,affine_coupon_delta,ensemble,tenor_months,-12,128,128,334.01219784088204,396.3166036400302,0.31399029119864474,304.482264766964,383.9117742249931,246.4480960182404,0.0,0.0078125,0.015625,127,0.968503937007874
monthly_test_128,affine_coupon_delta,ensemble,tenor_months,-6,128,128,173.3598462274599,199.2473102927746,0.8637365922914999,128.05580919779013,161.27044760804517,62.30690131796917,0.0,0.0234375,0.0390625,128,0.953125
monthly_test_128,affine_coupon_delta,ensemble,tenor_months,-3,128,128,91.55913815189723,134.36589698631272,0.942774296076392,53.95524136322173,69.52567383815433,-41.552253256998156,0.015625,0.046875,0.109375,121,0.6859504132231405
monthly_test_128,affine_coupon_delta,ensemble,tenor_months,-1,128,128,121.40272494076129,188.3608909902487,0.8930325402417472,34.31192573093993,40.384885045841585,30.58256625461631,0.0078125,0.0546875,0.1328125,99,0.3333333333333333
monthly_test_128,affine_coupon_delta,ensemble,tenor_months,1,128,128,92.43633080983308,168.51869473031053,0.9205438658822406,17.065819518980756,21.47506622139456,-13.651964903469501,0.046875,0.15625,0.359375,125,0.944
monthly_test_128,affine_coupon_delta,ensemble,tenor_months,3,128,128,98.96811375424394,161.96476712668792,0.9298330691001961,54.29020971751562,62.795356429929896,-51.53591844917993,0.0,0.0234375,0.078125,128,1.0
monthly_test_128,affine_coupon_delta,ensemble,tenor_months,6,128,128,122.59761353036205,168.94208776245546,0.9290194026539839,110.65160988285953,127.65040624911347,-106.74267052462639,0.0,0.0,0.015625,127,0.9921259842519685
monthly_test_128,affine_coupon_delta,ensemble,tenor_months,12,128,128,162.6866151502034,207.4528817338733,0.9048323513055103,178.05962768136095,210.65214978525333,-166.84388442237562,0.0078125,0.015625,0.0234375,128,0.96875
monthly_test_128,augmented_delta,101,ALL,0,128,1536,232.46212929199717,320.8645711220852,0.7082821632013869,228.77764840966856,310.3103792001613,-4.748856898276646,0.004971590909090909,0.018465909090909092,0.026988636363636364,1353,0.7464892830746489
monthly_test_128,augmented_delta,101,base,0,128,128,87.28908445341423,146.2010599312759,0.9390211809878267,,,,,,,0,
monthly_test_128,augmented_delta,101,nobs_early,1,128,128,236.96054526229756,279.84361552615417,0.6703053247963179,203.82219093549702,243.061445028097,132.02761927588116,0.0,0.0078125,0.015625,127,0.7874015748031497
monthly_test_128,augmented_delta,101,nobs_late,1,128,128,263.0996775050584,288.67297324754077,0.7578379887674094,312.1733986272264,325.98148761265725,-312.1733986272264,0.0,0.0,0.0,123,0.08130081300813008
monthly_test_128,augmented_delta,101,nobs_middle,1,128,128,200.05317460550947,234.7915486523577,0.8391719920611648,239.72435408622783,268.7117107067107,-239.72435408622783,0.0,0.0,0.0,120,0.10833333333333334
monthly_test_128,augmented_delta,101,tenor_months,-12,128,128,721.7355319745072,764.9288399335899,-1.5555700980045346,654.2910781055264,708.0687091909765,651.2460886872864,0.0,0.0,0.0,127,0.968503937007874
monthly_test_128,augmented_delta,101,tenor_months,-6,128,128,255.10893283863103,295.6954095561362,0.6998879206992534,191.28383693589774,229.73211859664724,183.44208523843213,0.0234375,0.03125,0.046875,128,0.9765625
monthly_test_128,augmented_delta,101,tenor_months,-3,128,128,221.97936516423775,266.13854186883185,0.7754936762672018,153.30702222491323,184.993844968817,146.7359200708452,0.0,0.0390625,0.046875,121,0.9256198347107438
monthly_test_128,augmented_delta,101,tenor_months,-1,128,128,135.17046743821697,187.87120264339634,0.8935879913258322,66.28054266021223,77.87668619970827,61.99582834370985,0.0078125,0.0390625,0.0546875,99,0.29292929292929293
monthly_test_128,augmented_delta,101,tenor_months,1,128,128,82.19345112861457,138.3176316779705,0.9464713431557724,35.950772027206284,40.79514774560209,-32.731236296987156,0.0,0.046875,0.078125,125,0.96
monthly_test_128,augmented_delta,101,tenor_months,3,128,128,112.53286521593262,152.25611009269014,0.9379929829826449,109.72298765471228,125.15550024046125,-107.22294084461195,0.0078125,0.0234375,0.03125,128,1.0
monthly_test_128,augmented_delta,101,tenor_months,6,128,128,184.5597782711876,226.06811110952938,0.8729008788769299,210.49274624274224,240.31076111004253,-206.1913517127528,0.0078125,0.0078125,0.0078125,127,0.9921259842519685
monthly_test_128,augmented_delta,101,tenor_months,12,128,128,288.8626776463588,353.842933147938,0.7231328385522037,339.50520300619235,390.0846275248547,-329.64168592939166,0.0078125,0.0078125,0.015625,128,0.96875
monthly_test_128,augmented_delta,233,ALL,0,128,1536,242.75366684634957,337.5401376117838,0.6771726671169653,230.01956080642847,311.73978479637367,-39.424354713966906,0.004261363636363636,0.020596590909090908,0.032670454545454544,1353,0.7368810051736882
monthly_test_128,augmented_delta,233,base,0,128,128,136.3832169327658,214.55711685947048,0.8686700387920725,,,,,,,0,
monthly_test_128,augmented_delta,233,nobs_early,1,128,128,106.57871888241343,132.12809017444204,0.926502690393533,179.99533235669028,255.4179640548396,-111.10938923464883,0.0,0.0234375,0.03125,127,0.6771653543307087
monthly_test_128,augmented_delta,233,nobs_late,1,128,128,287.34900019693316,323.32064128000343,0.6962189861141146,400.2107209025669,426.2037596267519,-400.2107209025669,0.0,0.0,0.0,123,0.08130081300813008
monthly_test_128,augmented_delta,233,nobs_middle,1,128,128,241.14102609599493,271.5061602426547,0.7849417351166889,356.2206125015096,393.6637701235905,-356.2206125015096,0.0,0.0,0.0,120,0.10833333333333334
monthly_test_128,augmented_delta,233,tenor_months,-12,128,128,677.5926719865927,736.1809939083885,-1.3670908643027415,553.5035041178289,621.2788133483131,552.1158717013453,0.0,0.0,0.0078125,127,0.968503937007874
monthly_test_128,augmented_delta,233,tenor_months,-6,128,128,419.6269601678871,480.7764690959989,0.2066209687059829,294.1501598826401,323.0282116591957,294.1501598826401,0.0,0.0,0.0,128,0.9765625
monthly_test_128,augmented_delta,233,tenor_months,-3,128,128,219.20344143620065,303.2747781128871,0.7084684111929243,94.20221260527931,117.02636168638269,85.5888421304408,0.0,0.046875,0.0625,121,0.9338842975206612
monthly_test_128,augmented_delta,233,tenor_months,-1,128,128,197.08512400662568,281.2310421958659,0.7615503316201855,70.44331180806915,83.12680724836547,68.6667429340686,0.015625,0.0390625,0.0625,99,0.30303030303030304
monthly_test_128,augmented_delta,233,tenor_months,1,128,128,125.2116845461362,198.04209285241456,0.8902647210244311,29.583852630327925,34.34344370383533,-27.166430245434864,0.015625,0.078125,0.125,125,0.952
monthly_test_128,augmented_delta,233,tenor_months,3,128,128,124.68050204972278,175.58528513606208,0.9175353892301195,90.63594604434064,102.71553719117452,-88.4138197425173,0.0078125,0.015625,0.0390625,128,1.0
monthly_test_128,augmented_delta,233,tenor_months,6,128,128,149.99663627029454,188.4467261961937,0.9116836462627772,174.93918326633457,197.6201423854736,-171.62029918383502,0.0,0.0078125,0.015625,127,0.9921259842519685
monthly_test_128,augmented_delta,233,tenor_months,12,128,128,228.19501958462814,275.1685348619541,0.8325643477836474,286.33033275512565,324.67827683033624,-279.44824669161824,0.0078125,0.015625,0.015625,128,0.96875
monthly_test_128,augmented_delta,47,ALL,0,128,1536,246.8903629787775,348.15682254260685,0.6565454516521049,220.03766266166423,283.7693024027846,-34.62064028688588,0.004971590909090909,0.03409090909090909,0.05539772727272727,1353,0.7420546932742055
monthly_test_128,augmented_delta,47,base,0,128,128,159.25935732256556,255.2642508994304,0.8141091723071552,,,,,,,0,
monthly_test_128,augmented_delta,47,nobs_early,1,128,128,103.6846847885341,135.65793890314143,0.922523221299991,156.7060174120968,235.27962801631708,-114.80304250525106,0.0078125,0.03125,0.0546875,127,0.7165354330708661
monthly_test_128,augmented_delta,47,nobs_late,1,128,128,271.8343627762026,306.86343869537853,0.7263571789322489,387.42677722710846,401.8858185771017,-387.42677722710846,0.0,0.0,0.0,123,0.08130081300813008
monthly_test_128,augmented_delta,47,nobs_middle,1,128,128,238.2936310513526,274.4901245185801,0.780188600997796,344.8855878913478,360.4954491395183,-344.8855878913478,0.0,0.0,0.0,120,0.10833333333333334
monthly_test_128,augmented_delta,47,tenor_months,-12,128,128,460.0125291865502,529.1461441116351,-0.22291704662025214,311.8239716556365,370.65860291771344,292.7234518713808,0.0,0.015625,0.046875,127,0.9921259842519685
monthly_test_128,augmented_delta,47,tenor_months,-6,128,128,525.4061457183602,622.5129280534359,-0.33012072692520644,375.65474252294257,414.10641886371235,374.2813544369094,0.0,0.0,0.0,128,0.9765625
monthly_test_128,augmented_delta,47,tenor_months,-3,128,128,392.15815145139743,497.8821471709357,0.21428301800756655,243.0314938194934,273.21366682912185,243.0314938194934,0.0,0.0,0.0,121,0.9256198347107438
monthly_test_128,augmented_delta,47,tenor_months,-1,128,128,224.14274737125726,328.00825272518716,0.6756306939383151,73.73814691152583,88.08861336061386,71.66843750157014,0.0078125,0.0625,0.1015625,99,0.29292929292929293
monthly_test_128,augmented_delta,47,tenor_months,1,128,128,146.38675505928055,238.04747375292175,0.8414528602534079,22.318035058992756,28.084787598640176,-20.418746735250576,0.03125,0.2109375,0.3203125,125,0.96
monthly_test_128,augmented_delta,47,tenor_months,3,128,128,126.88189058947,201.90340666359467,0.8909618002529321,73.09514823340865,87.04187365060655,-70.99207590998873,0.0078125,0.03125,0.03125,128,1.0
monthly_test_128,augmented_delta,47,tenor_months,6,128,128,128.2233433605534,173.33372348881065,0.9252811689036721,153.40936084479972,180.9618785393158,-150.40557187150853,0.0,0.0078125,0.0234375,127,0.9921259842519685
monthly_test_128,augmented_delta,47,tenor_months,12,128,128,186.40075706980582,225.86492761038355,0.8871898977604298,278.325007700954,326.43532485013003,-273.5999786446431,0.0,0.015625,0.03125,128,0.96875
monthly_test_128,augmented_delta,ensemble,ALL,0,128,1536,230.19623745757335,314.4815460023377,0.7197731251238748,220.4484888825794,287.83716702532337,-26.264617299709837,0.004261363636363636,0.015625,0.03409090909090909,1353,0.7420546932742055
monthly_test_128,augmented_delta,ensemble,base,0,128,128,120.67878452346282,193.0561121176598,0.8936726283811716,,,,,,,0,
monthly_test_128,augmented_delta,ensemble,nobs_early,1,128,128,121.80980260333779,157.23152164309562,0.8959216588666895,132.74985167772257,188.64250840219503,-31.294937488006305,0.0078125,0.03125,0.0390625,127,0.7322834645669292
monthly_test_128,augmented_delta,ensemble,nobs_late,1,128,128,268.3424354587189,293.8551931294257,0.7490654250842047,366.6036322523006,382.50730265919503,-366.6036322523006,0.0,0.0,0.0,123,0.08130081300813008
monthly_test_128,augmented_delta,ensemble,nobs_middle,1,128,128,217.2466985736799,240.58327772234458,0.8311396687764789,313.61018482636183,336.681878087535,-313.61018482636183,0.0,0.0,0.0,120,0.10833333333333334
monthly_test_128,augmented_delta,ensemble,tenor_months,-12,128,128,615.1690228291559,663.5279982780384,-0.9229333583604198,501.4239232856188,556.1267644066897,498.69513742000413,0.0,0.0,0.0,127,0.968503937007874
monthly_test_128,augmented_delta,ensemble,tenor_months,-6,128,128,399.1119764538251,451.9800342881888,0.2988146844692009,284.3806463168617,311.88095361124505,283.9578665193271,0.0,0.0078125,0.0078125,128,0.9765625
monthly_test_128,augmented_delta,ensemble,tenor_months,-3,128,128,273.4331378755028,348.23416741049846,0.6156244163632048,158.69363094985556,185.63519120069682,158.4520853402597,0.0,0.0078125,0.015625,121,0.9338842975206612
monthly_test_128,augmented_delta,ensemble,tenor_months,-1,128,128,183.3043806027167,257.07325844670356,0.8007565675517131,68.97480317064266,81.84184983755415,67.44366959311617,0.015625,0.0390625,0.09375,99,0.30303030303030304
monthly_test_128,augmented_delta,ensemble,tenor_months,1,128,128,106.68357939957905,175.93280678222504,0.9133985984965575,28.766550326318367,33.50435078430464,-26.772137759224222,0.0078125,0.0390625,0.140625,125,0.952
monthly_test_128,augmented_delta,ensemble,tenor_months,3,128,128,102.24866017858062,150.61326629709458,0.9393238755949894,90.8780293230474,103.11960959337863,-88.87627883237266,0.0,0.0234375,0.03125,128,1.0
monthly_test_128,augmented_delta,ensemble,tenor_months,6,128,128,132.0328759486004,165.9153558463616,0.9315399673549206,178.87732268261203,202.88772381991805,-176.07240758936547,0.0078125,0.015625,0.0390625,127,0.9921259842519685
monthly_test_128,augmented_delta,ensemble,tenor_months,12,128,128,222.29349504371964,259.7815355105508,0.8507662836490264,299.9748028970321,339.81644831218296,-294.2299704218844,0.0078125,0.0078125,0.0078125,128,0.96875
monthly_test_128,augmented_price,101,ALL,0,128,1536,217.34818651414926,303.9460082792794,0.7382345403270726,191.10821480525217,262.3638749207803,8.815225218289275,0.004971590909090909,0.014914772727272728,0.036931818181818184,1353,0.753880266075388
monthly_test_128,augmented_price,101,base,0,128,128,111.14629177082834,181.56247782131527,0.9059562001095637,,,,,,,0,
monthly_test_128,augmented_price,101,nobs_early,1,128,128,175.87846709563576,243.67574298926678,0.7500197347295301,128.9912900645358,160.53098749216838,67.82255297495257,0.0078125,0.0234375,0.0703125,127,0.7952755905511811
monthly_test_128,augmented_price,101,nobs_late,1,128,128,179.44856489123117,217.74971240050138,0.8622127779423987,215.9350747037608,231.6098863254566,-215.36054038095955,0.0,0.0,0.0,123,0.08943089430894309
monthly_test_128,augmented_price,101,nobs_middle,1,128,128,150.1109603606796,203.7692466479185,0.8788637733024718,157.8571466113852,187.9285974747371,-152.9370296874718,0.0,0.0,0.046875,120,0.225
monthly_test_128,augmented_price,101,tenor_months,-12,128,128,663.5689842960962,696.3332948957561,-1.1177761343337842,567.698854152069,614.5129704677234,567.698854152069,0.0,0.0,0.0,127,0.9763779527559056
monthly_test_128,augmented_price,101,tenor_months,-6,128,128,299.56949017297103,341.45122984223985,0.599823415274829,203.0944913720011,235.45218373851768,201.87859814826174,0.0,0.0078125,0.0234375,128,0.9765625
monthly_test_128,augmented_price,101,tenor_months,-3,128,128,261.29836169163696,305.62251318461114,0.7039372849537782,166.0426257580985,193.05062109665343,163.44052223785553,0.0078125,0.0078125,0.015625,121,0.9090909090909091
monthly_test_128,augmented_price,101,tenor_months,-1,128,128,154.6711580394379,219.99777662739112,0.8540826971067936,60.04100450917116,71.00835407838015,52.87520476259842,0.0234375,0.0390625,0.09375,99,0.26262626262626265
monthly_test_128,augmented_price,101,tenor_months,1,128,128,101.3041566768126,172.59044996100036,0.9166578346825326,27.1336327075239,31.588477270690362,-23.363509553765876,0.0078125,0.0703125,0.1171875,125,0.952
monthly_test_128,augmented_price,101,tenor_months,3,128,128,104.03202828855132,163.36052417986969,0.9286185089226774,86.3817582286876,95.62914708243507,-83.55635318638548,0.0078125,0.0078125,0.03125,128,0.9921875
monthly_test_128,augmented_price,101,tenor_months,6,128,128,153.61818725064938,194.07618558182864,0.906328293550887,175.12662009761925,193.5809774219454,-172.26012710582154,0.0,0.0078125,0.0078125,127,0.9921259842519685
monthly_test_128,augmented_price,101,tenor_months,12,128,128,253.53158763526073,299.84268353164606,0.8011904201630433,313.8878646529216,345.6317773549406,-309.270694960151,0.0,0.0,0.0,128,0.96875
monthly_test_128,augmented_price,233,ALL,0,128,1536,155.50788822562552,204.20620830425213,0.8818435770507211,132.15595871146925,178.41939445937547,-57.863530359703034,0.004971590909090909,0.033380681818181816,0.06392045454545454,1353,0.7427937915742794
monthly_test_128,augmented_price,233,base,0,128,128,128.95051410843115,186.15548233610298,0.9011379462131857,,,,,,,0,
monthly_test_128,augmented_price,233,nobs_early,1,128,128,111.6713980190728,153.88417694165457,0.9003059914356158,142.19624355963188,197.01017740551939,-47.47318407552112,0.0,0.0234375,0.0546875,127,0.7637795275590551
monthly_test_128,augmented_price,233,nobs_late,1,128,128,166.2274111546638,188.7720279537386,0.8964454830734364,236.12205484197926,258.9222047010577,-235.48721749920134,0.0,0.0078125,0.0078125,123,0.0975609756097561
monthly_test_128,augmented_price,233,nobs_middle,1,128,128,156.23540291579883,187.93682132345182,0.8969565202719568,225.2848121611447,268.98198349501996,-223.18436784089369,0.015625,0.0234375,0.0234375,120,0.15833333333333333
monthly_test_128,augmented_price,233,tenor_months,-12,128,128,241.92520318112904,289.960412431665,0.6327826900272788,168.0854089175201,209.1764531901155,119.64380102227685,0.0,0.0234375,0.03125,127,0.9448818897637795
monthly_test_128,augmented_price,233,tenor_months,-6,128,128,230.19666888885058,276.6711301744886,0.7372625387591131,124.09985220085673,145.12223713754992,114.26014751408022,0.0,0.015625,0.0390625,128,0.96875
monthly_test_128,augmented_price,233,tenor_months,-3,128,128,159.00113788545724,207.1520584505705,0.8639835177724741,52.592333547429945,63.17169329884747,29.1714486323181,0.0078125,0.0390625,0.0625,121,0.8760330578512396
monthly_test_128,augmented_price,233,tenor_months,-1,128,128,168.36119247206824,228.66219479055846,0.8423627152694921,52.2679169135775,62.09499113450132,47.35787287928715,0.0234375,0.0546875,0.0859375,99,0.29292929292929293
monthly_test_128,augmented_price,233,tenor_months,1,128,128,120.8444593578921,177.97526152955353,0.9113761653967423,16.523052279319128,20.383896003640047,-14.458151872551065,0.0078125,0.15625,0.3359375,125,0.96
monthly_test_128,augmented_price,233,tenor_months,3,128,128,105.08621600860207,155.83250577035872,0.9350457627397637,59.193740829569634,65.4121987677676,-57.13685981662734,0.0,0.015625,0.0390625,128,1.0
monthly_test_128,augmented_price,233,tenor_months,6,128,128,109.9309450992526,144.17700585667487,0.9483041190329483,130.26575930220486,143.2076760908754,-127.28982891987701,0.0,0.0,0.0078125,127,0.9921259842519685
monthly_test_128,augmented_price,233,tenor_months,12,128,128,167.664109616288,196.3274636187614,0.9147660712513327,247.08437127292822,272.2110531990116,-241.90249398002416,0.0,0.0078125,0.015625,128,0.96875
monthly_test_128,augmented_price,47,ALL,0,128,1536,154.43800212854958,207.11254742626798,0.8784563504353888,128.81504495085855,163.89640106513724,-20.45108292815496,0.014204545454545454,0.053267045454545456,0.08664772727272728,1353,0.7368810051736882
monthly_test_128,augmented_price,47,base,0,128,128,100.47165590453834,174.73251115584168,0.9128985462756704,,,,,,,0,
monthly_test_128,augmented_price,47,nobs_early,1,128,128,97.79889653423734,154.69023700520907,0.899258842528022,128.4654343715469,174.62676684444452,-10.643413532839903,0.0,0.03125,0.0546875,127,0.7165354330708661
monthly_test_128,augmented_price,47,nobs_late,1,128,128,162.98659475765166,182.20716639696687,0.9035228040062319,187.68154498774294,198.44731567213734,-187.68154498774294,0.0,0.0,0.0,123,0.08130081300813008
monthly_test_128,augmented_price,47,nobs_middle,1,128,128,177.03116388198177,203.7485025352464,0.8788884358623955,211.5598555782513,238.53097610506418,-211.5598555782513,0.0,0.0,0.0,120,0.11666666666666667
monthly_test_128,augmented_price,47,tenor_months,-12,128,128,164.5690994485788,188.45613266250334,0.8448805427319923,141.13595137464034,165.09250032299522,40.661877151534526,0.0,0.0078125,0.03125,127,0.952755905511811
monthly_test_128,augmented_price,47,tenor_months,-6,128,128,307.6566407552384,333.53177024387765,0.6181711601805165,229.79984122612674,245.73407277072138,228.7971034667246,0.0,0.0078125,0.015625,128,0.9765625
monthly_test_128,augmented_price,47,tenor_months,-3,128,128,228.19903539141728,274.1307794289896,0.7618071976351286,149.85305602386796,162.63061116745178,148.89032995625172,0.0,0.0078125,0.0078125,121,0.9256198347107438
monthly_test_128,augmented_price,47,tenor_months,-1,128,128,141.71629059018466,211.94120765027904,0.8645743217034751,59.9666364588535,69.27443931886633,55.76404166050807,0.0390625,0.0546875,0.0625,99,0.2727272727272727
monthly_test_128,augmented_price,47,tenor_months,1,128,128,98.02452471291787,172.5417690783837,0.916704843053909,11.212939641796897,16.507805892466866,-7.7752371908184115,0.109375,0.40625,0.625,125,0.952
monthly_test_128,augmented_price,47,tenor_months,3,128,128,100.59051798619538,163.328799444524,0.9286462309079594,38.15132639927987,44.57755210216928,-34.42499421270354,0.0078125,0.0390625,0.09375,128,1.0
monthly_test_128,augmented_price,47,tenor_months,6,128,128,116.11435121789427,160.14983272616047,0.9362152415811967,88.06579979561633,100.70917650171168,-83.2910724739327,0.0,0.0234375,0.046875,127,0.9921259842519685
monthly_test_128,augmented_price,47,tenor_months,12,128,128,158.09725436175927,191.44978664867983,0.9189486657059753,171.07310860172123,193.43998007652775,-163.6991464684346,0.0,0.0078125,0.015625,128,0.96875
monthly_test_128,augmented_price,ensemble,ALL,0,128,1536,168.0911925267569,224.61420206524429,0.8570468013975896,145.1507424984991,185.75387492779996,-23.166462689856246,0.007102272727272727,0.027698863636363636,0.05752840909090909,1353,0.7413155949741316
monthly_test_128,augmented_price,ensemble,base,0,128,128,104.78147876402478,174.9925052344857,0.9126391473799597,,,,,,,0,
monthly_test_128,augmented_price,ensemble,nobs_early,1,128,128,112.03282253080127,175.0572351634329,0.8709846880958226,122.02996740954656,161.24126785286975,3.2353184555304964,0.0078125,0.015625,0.03125,127,0.7480314960629921
monthly_test_128,augmented_price,ensemble,nobs_late,1,128,128,167.8781864051245,191.18354760813185,0.8937828127867261,212.843100955968,227.90335597750868,-212.843100955968,0.0,0.0,0.0,123,0.08130081300813008
monthly_test_128,augmented_price,ensemble,nobs_middle,1,128,128,153.6202196022613,190.8903706908584,0.8936922798300688,196.5164839175784,229.3558826714529,-195.89375103553894,0.015625,0.015625,0.015625,120,0.13333333333333333
monthly_test_128,augmented_price,ensemble,tenor_months,-12,128,128,338.02774493235046,372.84594865920485,0.39283799829433597,260.59873098978744,300.0698856663231,242.6681774419602,0.0078125,0.0078125,0.015625,127,0.9606299212598425
monthly_test_128,augmented_price,ensemble,tenor_months,-6,128,128,276.75634493142593,308.62732487743637,0.6730637628796624,182.27448171201758,201.3512165837679,181.64528304302223,0.0,0.0,0.015625,128,0.96875
monthly_test_128,augmented_price,ensemble,tenor_months,-3,128,128,210.3811778084999,255.97119274558,0.7923197411497747,115.55590174645195,130.06643968024594,113.83410027547514,0.0,0.015625,0.015625,121,0.9173553719008265
monthly_test_128,augmented_price,ensemble,tenor_months,-1,128,128,151.13580527516262,214.99904021234468,0.8606383586859209,56.004631642462265,65.83665365470365,51.99903976746456,0.015625,0.0703125,0.125,99,0.2727272727272727
monthly_test_128,augmented_price,ensemble,tenor_months,1,128,128,97.76932879196974,168.39901183676673,0.9206566861624202,17.356443523094143,21.618960777061915,-15.19896620571184,0.015625,0.1484375,0.3671875,125,0.96
monthly_test_128,augmented_price,ensemble,tenor_months,3,128,128,95.07831268275785,153.3239297760673,0.937120183893517,60.374146869342,67.3298129590321,-58.37273573857212,0.015625,0.0234375,0.0390625,128,1.0
monthly_test_128,augmented_price,ensemble,tenor_months,6,128,128,121.56931816369863,156.95882711578082,0.9387317570610599,130.22778752709655,144.1173251211334,-127.61367616654374,0.0,0.0078125,0.0078125,127,0.9921259842519685
monthly_test_128,augmented_price,ensemble,tenor_months,12,128,128,188.06357043300582,220.56175625773997,0.8924251329966567,242.87649119014532,267.2082269310772,-238.2907784695366,0.0,0.0,0.0,128,0.96875
public_monthly_6,affine_coupon_delta,101,ALL,0,6,72,218.3568202784806,308.62358540181776,0.08573066052538747,183.25626883280935,284.07085755735284,-124.60389550170068,0.015151515151515152,0.10606060606060606,0.15151515151515152,64,0.640625
public_monthly_6,affine_coupon_delta,101,base,0,6,6,86.53108920372779,97.7079015935848,0.9091163197364674,,,,,,,0,
public_monthly_6,affine_coupon_delta,101,nobs_early,1,6,6,357.4941589478155,371.85119621232633,-0.9889804625241669,303.9953917394224,310.0610840517788,-303.9953917394224,0.0,0.0,0.0,6,0.3333333333333333
public_monthly_6,affine_coupon_delta,101,nobs_late,1,6,6,603.7417832157547,629.9695175254733,-2.9087621013914546,550.2430160073612,564.5471213358734,-550.2430160073612,0.0,0.0,0.0,5,0.2
public_monthly_6,affine_coupon_delta,101,nobs_middle,1,6,6,629.7792920122025,652.1359185035667,-3.1788287653776965,576.28052480381,587.1612055065971,-576.28052480381,0.0,0.0,0.0,5,0.2
public_monthly_6,affine_coupon_delta,101,tenor_months,-12,6,6,250.0703538635777,266.10994038110124,-0.22868302535252205,265.3871827614633,297.6806538440996,220.07697266785112,0.0,0.0,0.0,6,0.8333333333333334
public_monthly_6,affine_coupon_delta,101,tenor_months,-6,6,6,113.59503733891749,151.55973248839456,0.7286119323551856,64.10793301799318,85.31959823518774,-17.017733018955493,0.0,0.0,0.16666666666666666,6,0.5
public_monthly_6,affine_coupon_delta,101,tenor_months,-3,6,6,104.04521111798174,117.44228251233962,0.8497736418684827,23.164705870058743,29.093262407352036,-2.1161060980574375,0.0,0.16666666666666666,0.3333333333333333,6,0.6666666666666666
public_monthly_6,affine_coupon_delta,101,tenor_months,-1,6,6,65.22627735480091,80.80089453059873,0.9344000971309037,43.666128818190835,47.0419802957072,23.027886337455044,0.0,0.0,0.0,6,0.5
public_monthly_6,affine_coupon_delta,101,tenor_months,1,6,6,82.90824323907661,94.12621351799405,0.9194880722848979,4.364856326400832,7.842531098416466,-2.672028533975359,0.0,0.8333333333333334,0.8333333333333334,6,1.0
public_monthly_6,affine_coupon_delta,101,tenor_months,3,6,6,85.06357798512575,102.53757549433466,0.9101399140780841,28.159317151912944,39.864990830984354,-28.159317151912944,0.16666666666666666,0.16666666666666666,0.16666666666666666,6,1.0
public_monthly_6,affine_coupon_delta,101,tenor_months,6,6,6,116.61131724074978,126.96157310226481,0.8744121303717386,63.112550032356985,87.43724789430854,-63.112550032356985,0.0,0.0,0.16666666666666666,6,0.8333333333333334
public_monthly_6,affine_coupon_delta,101,tenor_months,12,6,6,125.21550182203676,153.03577215414725,0.8438825863379253,93.33735063193235,140.7145958744093,-70.15104213816198,0.0,0.0,0.0,6,0.8333333333333334
public_monthly_6,affine_coupon_delta,233,ALL,0,6,72,256.7446386612241,331.59658951899945,-0.055446056095064256,232.36882790567404,307.22322975031096,-126.44253623489939,0.0,0.0,0.030303030303030304,64,0.640625
public_monthly_6,affine_coupon_delta,233,base,0,6,6,79.56305685146162,103.27045967750297,0.8984736547344176,,,,,,,0,
public_monthly_6,affine_coupon_delta,233,nobs_early,1,6,6,283.3531334046026,309.57121545171765,-0.37852071286163236,234.43865876695943,248.2991310519306,-234.43865876695943,0.0,0.0,0.0,6,0.3333333333333333
public_monthly_6,affine_coupon_delta,233,nobs_late,1,6,6,626.3666136206721,651.7288782935403,-3.183445328499272,577.4521389830286,595.6103586145135,-577.4521389830286,0.0,0.0,0.0,5,0.2
public_monthly_6,affine_coupon_delta,233,nobs_middle,1,6,6,589.067928855566,608.2318498951488,-2.6351024029338497,540.1534542179232,552.8082623564951,-540.1534542179232,0.0,0.0,0.0,5,0.2
public_monthly_6,affine_coupon_delta,233,tenor_months,-12,6,6,336.6284688643027,363.61610652839073,-1.294055325475255,385.5429435019474,391.80441156437314,385.5429435019474,0.0,0.0,0.0,6,0.8333333333333334
public_monthly_6,affine_coupon_delta,233,tenor_months,-6,6,6,165.0649407575147,185.14630485295126,0.5950017130043654,141.4695273226888,165.99361170934503,141.4695273226888,0.0,0.0,0.0,6,0.8333333333333334
public_monthly_6,affine_coupon_delta,233,tenor_months,-3,6,6,153.7636866000997,175.03337639928566,0.6663132874581363,92.18877863749084,111.03085308981002,-39.45454174792926,0.0,0.0,0.0,6,0.3333333333333333
public_monthly_6,affine_coupon_delta,233,tenor_months,-1,6,6,74.2227429149134,94.4506424561048,0.9103643666537559,31.73317959308301,43.767391222603464,26.696850246604214,0.0,0.0,0.3333333333333333,6,0.5
public_monthly_6,affine_coupon_delta,233,tenor_months,1,6,6,90.06169468179512,114.41203363924983,0.8810450664592262,19.50994331872471,20.876833051078478,-19.50994331872471,0.0,0.0,0.0,6,1.0
public_monthly_6,affine_coupon_delta,233,tenor_months,3,6,6,131.44205142593182,156.8621759579642,0.7897009982379447,79.99608593802542,80.78034516529037,-79.99608593802542,0.0,0.0,0.0,6,1.0
public_monthly_6,affine_coupon_delta,233,tenor_months,6,6,6,219.22081256265938,235.21692711915895,0.568937495520591,170.3063379250165,172.3918400958336,-170.3063379250165,0.0,0.0,0.0,6,0.8333333333333334
public_monthly_6,affine_coupon_delta,233,tenor_months,12,6,6,332.18053339516973,345.2588109345007,0.20538827218597422,283.26605875752637,290.27201967099904,-283.26605875752637,0.0,0.0,0.0,6,0.8333333333333334
public_monthly_6,affine_coupon_delta,47,ALL,0,6,72,256.0872222665682,334.7810964551041,-0.07581547202431538,252.71263160718004,339.9955524916922,-27.36020898462101,0.0,0.015151515151515152,0.045454545454545456,64,0.71875
public_monthly_6,affine_coupon_delta,47,base,0,6,6,66.80031163000574,73.71914873043633,0.948264678102579,,,,,,,0,
public_monthly_6,affine_coupon_delta,47,nobs_early,1,6,6,122.53813155436546,144.11517587268008,0.7012474757536207,119.06908847441825,167.61773089193917,103.32318046389587,0.0,0.0,0.0,6,0.8333333333333334
public_monthly_6,affine_coupon_delta,47,nobs_late,1,6,6,398.1119178872838,415.24572982971017,-0.6982847807501602,358.8194210557317,375.14148304748795,-358.8194210557317,0.0,0.0,0.0,5,0.2
public_monthly_6,affine_coupon_delta,47,nobs_middle,1,6,6,328.710270787227,346.83977231262935,-0.18205073771186653,289.4177739556755,313.9413748706575,-289.4177739556755,0.0,0.0,0.0,5,0.2
public_monthly_6,affine_coupon_delta,47,tenor_months,-12,6,6,661.0637029341269,714.5900641574067,-7.859956911448396,700.3561997656803,752.5637728542521,700.3561997656803,0.0,0.0,0.0,6,0.8333333333333334
public_monthly_6,affine_coupon_delta,47,tenor_months,-6,6,6,343.7272376291979,364.1218926754965,-0.5664504853653141,383.01973446075027,401.6310346614589,383.01973446075027,0.0,0.0,0.0,6,0.8333333333333334
public_monthly_6,affine_coupon_delta,47,tenor_months,-3,6,6,68.24115890275941,79.59026067778787,0.9310050940892449,24.661970010317077,33.43266267296851,-3.9230209044234052,0.0,0.16666666666666666,0.5,6,0.8333333333333334
public_monthly_6,affine_coupon_delta,47,tenor_months,-1,6,6,50.80485063705237,60.83564293412153,0.9628133494063775,47.06846128304476,50.0078082098045,21.92510106803569,0.0,0.0,0.0,6,0.3333333333333333
public_monthly_6,affine_coupon_delta,47,tenor_months,1,6,6,98.19047679518826,106.0123483350305,0.8978703230342985,40.44518072640904,42.01601169382999,-40.44518072640904,0.0,0.0,0.0,6,1.0
public_monthly_6,affine_coupon_delta,47,tenor_months,3,6,6,173.44436960175244,190.9188190728235,0.6884711874915687,134.1518727701991,136.96540898342138,-134.1518727701991,0.0,0.0,0.0,6,1.0
public_monthly_6,affine_coupon_delta,47,tenor_months,6,6,6,303.8351689215054,317.9882618098249,0.21218312105381965,264.5426720899538,268.29676903990367,-264.5426720899538,0.0,0.0,0.0,6,0.8333333333333334
public_monthly_6,affine_coupon_delta,47,tenor_months,12,6,6,457.5790699183529,473.2289131378178,-0.492821811215155,418.2865730868009,424.728667718833,-418.2865730868009,0.0,0.0,0.0,6,0.8333333333333334
public_monthly_6,affine_coupon_delta,ensemble,ALL,0,6,72,228.6801926638426,295.5126482698558,0.16176058336382082,210.74071961616735,280.1630549784622,-92.80221357374027,0.0,0.0,0.0,64,0.640625
public_monthly_6,affine_coupon_delta,ensemble,base,0,6,6,74.6965031740092,89.37927725408777,0.9239498264467446,,,,,,,0,
public_monthly_6,affine_coupon_delta,ensemble,nobs_early,1,6,6,192.27220290669115,213.1458880796237,0.34649928213854275,145.03695668082847,162.28007034508067,-145.03695668082847,0.0,0.0,0.0,6,0.3333333333333333
public_monthly_6,affine_coupon_delta,ensemble,nobs_late,1,6,6,542.7401049079035,561.5346079808761,-2.1056550937112393,495.5048586820405,507.97758912087346,-495.5048586820405,0.0,0.0,0.0,5,0.2
public_monthly_6,affine_coupon_delta,ensemble,nobs_middle,1,6,6,515.8524972183319,528.0348199487436,-1.7397028238931709,468.61725099246956,476.52264615327874,-468.61725099246956,0.0,0.0,0.0,5,0.2
public_monthly_6,affine_coupon_delta,ensemble,tenor_months,-12,6,6,388.0901257526287,417.1662826406982,-2.019507147169015,435.32537197849297,459.3857595133163,435.32537197849297,0.0,0.0,0.0,6,0.8333333333333334
public_monthly_6,affine_coupon_delta,ensemble,tenor_months,-6,6,6,139.90383337633043,163.34253489701496,0.6847742615351433,169.15717625482807,182.10134948196378,169.15717625482807,0.0,0.0,0.0,6,0.8333333333333334
public_monthly_6,affine_coupon_delta,ensemble,tenor_months,-3,6,6,97.01139944280385,116.370949724484,0.8525019326442814,38.81715713472084,48.166421115543216,-15.164556250136519,0.0,0.0,0.0,6,0.5
public_monthly_6,affine_coupon_delta,ensemble,tenor_months,-1,6,6,56.92501140941325,74.90174621884766,0.9436291291369293,40.82258989810639,44.662904980257835,23.88327921736492,0.0,0.0,0.0,6,0.3333333333333333
public_monthly_6,affine_coupon_delta,ensemble,tenor_months,1,6,6,90.38680490535323,102.50323019208513,0.9045196171877417,20.875717526369577,21.176228359745043,-20.875717526369577,0.0,0.0,0.0,6,1.0
public_monthly_6,affine_coupon_delta,ensemble,tenor_months,3,6,6,128.59159174431534,147.6303658635973,0.813726046158778,80.7690919533792,81.09313629236662,-80.7690919533792,0.0,0.0,0.0,6,1.0
public_monthly_6,affine_coupon_delta,ensemble,tenor_months,6,6,6,213.22243290830465,223.62326179479822,0.6103837522737876,165.98718668244226,166.84606577462645,-165.98718668244226,0.0,0.0,0.0,6,0.8333333333333334
public_monthly_6,affine_coupon_delta,ensemble,tenor_months,12,6,6,304.4698042200259,313.3704367956249,0.34539174835065245,257.2345579941629,261.8811385904856,-257.2345579941629,0.0,0.0,0.0,6,0.8333333333333334
public_monthly_6,augmented_delta,101,ALL,0,6,72,252.95938522322206,338.7512287597606,-0.10148272286081594,264.86100835359446,349.8450869370347,-3.6566157883301114,0.0,0.0,0.0,64,0.65625
public_monthly_6,augmented_delta,101,base,0,6,6,55.97163779043664,67.82328753703719,0.9562090661503773,,,,,,,0,
public_monthly_6,augmented_delta,101,nobs_early,1,6,6,176.49024386768542,208.99003985689154,0.37173433076491746,194.71279679436054,229.2682862061556,194.71279679436054,0.0,0.0,0.0,6,0.6666666666666666
public_monthly_6,augmented_delta,101,nobs_late,1,6,6,370.3474783044591,383.42349803930324,-0.4479635104860753,352.1249253777837,362.17002801791944,-352.1249253777837,0.0,0.0,0.0,5,0.2
public_monthly_6,augmented_delta,101,nobs_middle,1,6,6,270.16211834048016,282.30922161879613,0.21687973467404975,251.93956541380533,266.28547564969165,-251.93956541380533,0.0,0.0,0.0,5,0.2
public_monthly_6,augmented_delta,101,tenor_months,-12,6,6,782.7304919889975,826.816196712529,-10.861390778181887,800.9530449156742,844.9436419304543,800.9530449156742,0.0,0.0,0.0,6,0.8333333333333334
public_monthly_6,augmented_delta,101,tenor_months,-6,6,6,219.72613200277374,243.09186266968584,0.3018255824179231,237.94868492944943,253.343570803838,237.94868492944943,0.0,0.0,0.0,6,0.8333333333333334
public_monthly_6,augmented_delta,101,tenor_months,-3,6,6,133.75454690406846,172.4598317335452,0.6760536518243019,151.97709983074503,162.3918219268361,151.97709983074503,0.0,0.0,0.0,6,0.5
public_monthly_6,augmented_delta,101,tenor_months,-1,6,6,56.14988073055368,81.75320862195778,0.9328446723790583,51.032532638724575,53.8927185723208,51.032532638724575,0.0,0.0,0.0,6,0.16666666666666666
public_monthly_6,augmented_delta,101,tenor_months,1,6,6,86.02785100554593,90.0021701775238,0.9263886112104965,43.29785902535923,44.173799094450864,-43.29785902535923,0.0,0.0,0.0,6,1.0
public_monthly_6,augmented_delta,101,tenor_months,3,6,6,156.64003210022656,168.06459735464378,0.758591131984104,138.41747917354994,141.8172807967535,-138.41747917354994,0.0,0.0,0.0,6,1.0
public_monthly_6,augmented_delta,101,tenor_months,6,6,6,286.58409460738795,292.3647341153363,0.3340324396921299,268.36154168071306,273.3881692522882,-268.36154168071306,0.0,0.0,0.0,6,0.8333333333333334
public_monthly_6,augmented_delta,101,tenor_months,12,6,6,440.92811503604906,448.41045313935103,-0.3403458864687008,422.7055621093737,432.98451935501413,-422.7055621093737,0.0,0.0,0.0,6,0.8333333333333334
public_monthly_6,augmented_delta,233,ALL,0,6,72,243.7112806820938,322.54056574135194,0.001415966441117411,238.93267430973356,317.47804614198395,-31.262344457930162,0.0,0.015151515151515152,0.045454545454545456,64,0.671875
public_monthly_6,augmented_delta,233,base,0,6,6,75.25622390214114,96.54715645763713,0.9112628436976625,,,,,,,0,
public_monthly_6,augmented_delta,233,nobs_early,1,6,6,112.38152560477647,143.04573875166787,0.7056649368550573,140.0964537967529,161.47770090052302,2.8448492159303505,0.0,0.0,0.0,6,0.6666666666666666
public_monthly_6,augmented_delta,233,nobs_late,1,6,6,376.01329715465846,406.00803408015383,-0.623564035497546,350.2542336015081,375.14666701439205,-350.2542336015081,0.0,0.0,0.0,5,0.2
public_monthly_6,augmented_delta,233,nobs_middle,1,6,6,329.3366162627417,354.2503503328447,-0.23310173917394317,303.5775527095919,327.9844025360099,-303.5775527095919,0.0,0.0,0.0,5,0.2
public_monthly_6,augmented_delta,233,tenor_months,-12,6,6,677.4724642764935,706.1192987200855,-7.651149667295396,703.2315278296452,718.0339576236136,703.2315278296452,0.0,0.0,0.0,6,0.8333333333333334
public_monthly_6,augmented_delta,233,tenor_months,-6,6,6,272.23385040690783,308.1510028350826,-0.1218899548996355,297.99291396005856,307.12327532263475,297.99291396005856,0.0,0.0,0.0,6,0.8333333333333334
public_monthly_6,augmented_delta,233,tenor_months,-3,6,6,108.55580957866398,137.6431546404316,0.793649080813554,45.532774484848154,58.16500530519953,22.97138954682985,0.0,0.16666666666666666,0.3333333333333333,6,0.6666666666666666
public_monthly_6,augmented_delta,233,tenor_months,-1,6,6,91.33846034711678,128.58880416066216,0.8338588647074259,47.50533361213544,52.26311725083792,22.973944133933315,0.0,0.0,0.16666666666666666,6,0.16666666666666666
public_monthly_6,augmented_delta,233,tenor_months,1,6,6,87.10530430093574,108.9135300298676,0.8922039822880032,30.452760053038674,31.939773167123853,-30.452760053038674,0.0,0.0,0.0,6,1.0
public_monthly_6,augmented_delta,233,tenor_months,3,6,6,141.32976660664676,164.2428337964402,0.7694455016713533,107.62194472174734,111.4958318535086,-107.62194472174734,0.0,0.0,0.0,6,1.0
public_monthly_6,augmented_delta,233,tenor_months,6,6,6,246.8307767744412,268.39286811265015,0.4387646128869267,221.07171322129128,226.4190196686471,-221.07171322129128,0.0,0.0,0.0,6,0.8333333333333334
public_monthly_6,augmented_delta,233,tenor_months,12,6,6,406.6812729696021,433.9987408536325,-0.2555741581963835,380.9222094164517,391.9214917883097,-380.9222094164517,0.0,0.0,0.0,6,0.8333333333333334
public_monthly_6,augmented_delta,47,ALL,0,6,72,206.0610005909788,264.9235472032042,0.3263147265908549,198.91492046570238,257.651175446114,-23.420305840940557,0.0,0.015151515151515152,0.045454545454545456,64,0.703125
public_monthly_6,augmented_delta,47,base,0,6,6,75.13959748053064,83.12293807446916,0.9342238721823225,,,,,,,0,
public_monthly_6,augmented_delta,47,nobs_early,1,6,6,118.67650226412358,132.85689601765623,0.7461013716865661,93.26960327812792,112.9218565752136,-70.04636626741723,0.0,0.0,0.0,6,0.8333333333333334
public_monthly_6,augmented_delta,47,nobs_late,1,6,6,410.20053457633,421.5169435078664,-0.7499685364452651,366.1315201946274,375.6549361406337,-366.1315201946274,0.0,0.0,0.0,5,0.2
public_monthly_6,augmented_delta,47,nobs_middle,1,6,6,416.28181225552936,419.9844351190242,-0.7331842125139028,372.21279787382736,375.85897393878133,-372.21279787382736,0.0,0.0,0.0,5,0.2
public_monthly_6,augmented_delta,47,tenor_months,-12,6,6,400.97853743348605,458.37098695034194,-2.6454563673454623,445.04755181519,477.3267064786381,445.04755181519,0.0,0.0,0.0,6,0.8333333333333334
public_monthly_6,augmented_delta,47,tenor_months,-6,6,6,252.18910639216787,310.9593928188211,-0.1424322328168086,296.2581207738708,321.4170291440701,296.2581207738708,0.0,0.0,0.0,6,0.8333333333333334
public_monthly_6,augmented_delta,47,tenor_months,-3,6,6,135.06493625663552,174.1467891791054,0.6696851371436959,170.09065335476237,182.09522315047653,170.09065335476237,0.0,0.0,0.0,6,0.5
public_monthly_6,augmented_delta,47,tenor_months,-1,6,6,65.00138558858028,89.3703105768685,0.9197477175257708,42.212435987011524,54.739810400893305,42.212435987011524,0.0,0.16666666666666666,0.16666666666666666,6,0.5
public_monthly_6,augmented_delta,47,tenor_months,1,6,6,75.58750469676822,87.10053647970922,0.931058503172037,11.436394842823423,12.620227793047338,-11.436394842823423,0.0,0.0,0.3333333333333333,6,1.0
public_monthly_6,augmented_delta,47,tenor_months,3,6,6,99.89601290975618,115.38046358700488,0.8862201648913813,55.82699852805226,58.83723563191117,-55.82699852805226,0.0,0.0,0.0,6,1.0
public_monthly_6,augmented_delta,47,tenor_months,6,6,6,167.59514356012642,173.68698993871763,0.7649622173863109,123.5261291784243,127.86672314448904,-123.5261291784243,0.0,0.0,0.0,6,0.8333333333333334
public_monthly_6,augmented_delta,47,tenor_months,12,6,6,256.12093367771166,259.6339841624095,0.5506461105465447,212.05191929600906,218.65879230966675,-212.05191929600906,0.0,0.0,0.0,6,0.8333333333333334
public_monthly_6,augmented_delta,ensemble,ALL,0,6,72,227.68781217864287,297.89795227473286,0.1481738526272065,229.63011512103003,298.22409515973555,-19.44642202906683,0.015151515151515152,0.030303030303030304,0.030303030303030304,64,0.671875
public_monthly_6,augmented_delta,ensemble,base,0,6,6,68.7891530577026,80.0393291663151,0.9390135417771449,,,,,,,0,
public_monthly_6,augmented_delta,ensemble,nobs_early,1,6,6,81.15822848563555,100.68276332056772,0.8541849320664101,106.98293851225299,123.15608149572508,42.50375991429116,0.16666666666666666,0.16666666666666666,0.16666666666666666,6,0.8333333333333334
public_monthly_6,augmented_delta,ensemble,nobs_late,1,6,6,385.52043667848255,402.00192958508376,-0.5916825053672079,356.1702263913062,369.046473885912,-356.1702263913062,0.0,0.0,0.0,5,0.2
public_monthly_6,augmented_delta,ensemble,nobs_middle,1,6,6,338.59351561958346,348.2322079643752,-0.19156079754709743,309.2433053324079,318.5100296726119,-309.2433053324079,0.0,0.0,0.0,5,0.2
public_monthly_6,augmented_delta,ensemble,tenor_months,-12,6,6,620.3938312329919,651.4297043501767,-6.362965727233567,649.7440415201696,670.762783998902,649.7440415201696,0.0,0.0,0.0,6,0.8333333333333334
public_monthly_6,augmented_delta,ensemble,tenor_months,-6,6,6,248.04969626728325,283.8126006363533,0.048329877085570905,277.3999065544598,290.3223750089375,277.3999065544598,0.0,0.0,0.0,6,0.8333333333333334
public_monthly_6,augmented_delta,ensemble,tenor_months,-3,6,6,109.61264206436165,141.7614989475346,0.7811161264030573,115.01304757744624,124.34774779828876,115.01304757744624,0.0,0.0,0.0,6,0.5
public_monthly_6,augmented_delta,ensemble,tenor_months,-1,6,6,66.3103918894376,93.2365678418928,0.9126539207869186,39.48029669434288,45.408255642165,38.7396375865566,0.0,0.16666666666666666,0.16666666666666666,6,0.16666666666666666
public_monthly_6,augmented_delta,ensemble,tenor_months,1,6,6,82.27338754483571,93.42442487216583,0.9206841624867106,28.395671307073712,29.37168686022389,-28.395671307073712,0.0,0.0,0.0,6,1.0
public_monthly_6,augmented_delta,ensemble,tenor_months,3,6,6,129.972351094961,147.28336556410508,0.8146006786056664,100.62214080778328,103.65174637688176,-100.62214080778328,0.0,0.0,0.0,6,1.0
public_monthly_6,augmented_delta,ensemble,tenor_months,6,6,6,233.67000498065195,242.90349720250956,0.5403040908374704,204.31979469347615,208.17077586981046,-204.31979469347615,0.0,0.0,0.0,6,0.8333333333333334
public_monthly_6,augmented_delta,ensemble,tenor_months,12,6,6,367.9101072277875,377.3347194366079,0.05088472153123014,338.55989694061134,344.71269579060737,-338.55989694061134,0.0,0.0,0.0,6,0.8333333333333334
public_monthly_6,augmented_price,101,ALL,0,6,72,240.07060968020153,328.92256948716096,-0.03849229704121093,243.5016472469774,330.0121222335031,13.79612993828418,0.015151515151515152,0.015151515151515152,0.015151515151515152,64,0.6875
public_monthly_6,augmented_price,101,base,0,6,6,80.1206583033354,84.58590217226784,0.9318881770454248,,,,,,,0,
public_monthly_6,augmented_price,101,nobs_early,1,6,6,140.04907424926083,209.79714045866046,0.36687235039291755,155.95244242969588,208.29235285671962,141.1551425725079,0.0,0.0,0.0,6,1.0
public_monthly_6,augmented_price,101,nobs_late,1,6,6,284.97932187135365,319.5221529416115,-0.0055463991124728995,261.1608862110153,277.18040724432603,-261.1608862110153,0.0,0.0,0.0,5,0.2
public_monthly_6,augmented_price,101,nobs_middle,1,6,6,223.81444063280802,269.63150178305494,0.28563594350837673,199.99600497247027,233.3833359183467,-199.99600497247027,0.0,0.0,0.0,5,0.2
public_monthly_6,augmented_price,101,tenor_months,-12,6,6,782.8065872521607,806.8812877539294,-10.29631907486326,806.6250229125004,823.2453238237845,806.6250229125004,0.0,0.0,0.0,6,0.8333333333333334
public_monthly_6,augmented_price,101,tenor_months,-6,6,6,230.49301569392568,266.5881600455087,0.1603374121919775,254.31145135426428,263.78228521723764,254.31145135426428,0.0,0.0,0.0,6,0.8333333333333334
public_monthly_6,augmented_price,101,tenor_months,-3,6,6,135.08337668801292,181.1417061849803,0.642616843246138,158.65828380469318,165.03721064595487,158.65828380469318,0.0,0.0,0.0,6,0.5
public_monthly_6,augmented_price,101,tenor_months,-1,6,6,73.12047332149207,92.64839516650014,0.913752471126879,47.14039344795191,52.29556445768693,46.838054444805714,0.16666666666666666,0.16666666666666666,0.16666666666666666,6,0.16666666666666666
public_monthly_6,augmented_price,101,tenor_months,1,6,6,90.80536523652245,101.21447235448919,0.9069054452233619,33.197752627094665,34.823136692901834,-33.197752627094665,0.0,0.0,0.0,6,1.0
public_monthly_6,augmented_price,101,tenor_months,3,6,6,145.28115719095663,159.32642924706497,0.7830416411910687,114.81890755515188,117.60976432608554,-114.81890755515188,0.0,0.0,0.0,6,1.0
public_monthly_6,augmented_price,101,tenor_months,6,6,6,260.3345070715298,273.2099280793208,0.41843795140984175,236.516071411192,240.18598230154979,-236.516071411192,0.0,0.0,0.0,6,0.8333333333333334
public_monthly_6,augmented_price,101,tenor_months,12,6,6,433.9593386510596,445.555681064815,-0.32333378610037666,410.1409029907214,416.2757107597562,-410.1409029907214,0.0,0.0,0.0,6,0.8333333333333334
public_monthly_6,augmented_price,233,ALL,0,6,72,152.74421310019466,193.43574084888988,0.6408388335611845,157.96226097054767,197.01880145106767,-58.722953879515714,0.0,0.015151515151515152,0.030303030303030304,64,0.703125
public_monthly_6,augmented_price,233,base,0,6,6,47.74457600092895,60.501121333967916,0.9651539640422976,,,,,,,0,
public_monthly_6,augmented_price,233,nobs_early,1,6,6,83.08683610841824,104.78375288438802,0.8420643947582654,77.18176441483557,99.94764872980238,20.08231380282407,0.0,0.16666666666666666,0.16666666666666666,6,1.0
public_monthly_6,augmented_price,233,nobs_late,1,6,6,269.83050337846424,286.8376941631487,0.1896500442289809,295.0012246000941,298.4841417560912,-295.0012246000941,0.0,0.0,0.0,5,0.2
public_monthly_6,augmented_price,233,nobs_middle,1,6,6,257.36559715365155,268.8010293819626,0.2900296883147676,282.53631837528195,285.9731043504883,-282.53631837528195,0.0,0.0,0.0,5,0.2
public_monthly_6,augmented_price,233,tenor_months,-12,6,6,264.1758442254274,301.27317699150746,-0.5748478340514172,239.0051230037988,263.35160548036055,239.0051230037988,0.0,0.0,0.0,6,0.8333333333333334
public_monthly_6,augmented_price,233,tenor_months,-6,6,6,201.45838170620846,221.5460359068091,0.4201027410021515,170.40907247726034,185.42847574638895,170.40907247726034,0.0,0.0,0.0,6,0.8333333333333334
public_monthly_6,augmented_price,233,tenor_months,-3,6,6,98.99975516024067,117.44741486663854,0.8497605114741211,59.02522940190706,72.15393833929403,54.13557872656821,0.0,0.0,0.16666666666666666,6,0.5
public_monthly_6,augmented_price,233,tenor_months,-1,6,6,60.991286708069914,75.47468762275005,0.9427634422321132,31.189550346549282,34.613751206055596,31.189550346549282,0.0,0.0,0.0,6,0.3333333333333333
public_monthly_6,augmented_price,233,tenor_months,1,6,6,44.62912078519579,58.34357621661149,0.9690667792751546,19.09102200702834,20.627845510199972,-19.09102200702834,0.0,0.0,0.0,6,1.0
public_monthly_6,augmented_price,233,tenor_months,3,6,6,69.27847990925905,75.79577272669194,0.9508989577692694,78.43394753953704,79.63518745261983,-78.43394753953704,0.0,0.0,0.0,6,1.0
public_monthly_6,augmented_price,233,tenor_months,6,6,6,147.48006606455147,157.9459678121302,0.8056340477461585,172.65078728618184,174.0942173839456,-172.65078728618184,0.0,0.0,0.0,6,0.8333333333333334
public_monthly_6,augmented_price,233,tenor_months,12,6,6,287.8901100019202,293.94617803943663,0.4240284061680878,313.0608312235501,314.48274939073013,-313.0608312235501,0.0,0.0,0.0,6,0.8333333333333334
public_monthly_6,augmented_price,47,ALL,0,6,72,144.28624504054775,176.29111775924818,0.7016838305316965,135.6046309159204,166.22127458942194,-1.838547688585715,0.030303030303030304,0.045454545454545456,0.09090909090909091,64,0.71875
public_monthly_6,augmented_price,47,base,0,6,6,57.400809185875005,71.96250010404503,0.950700896851094,,,,,,,0,
public_monthly_6,augmented_price,47,nobs_early,1,6,6,64.73378532228708,75.62492450844705,0.9177336820792527,77.17675839089785,92.05530844626408,61.93341710864072,0.0,0.0,0.0,6,1.0
public_monthly_6,augmented_price,47,nobs_late,1,6,6,257.6446317773595,267.79491870774865,0.29367458729221363,200.68531823438158,204.34051706754786,-200.68531823438158,0.0,0.0,0.0,5,0.2
public_monthly_6,augmented_price,47,nobs_middle,1,6,6,288.6673737217464,292.9107324788583,0.15695859855039085,231.7080601787691,232.78545102384447,-231.7080601787691,0.0,0.0,0.0,5,0.2
public_monthly_6,augmented_price,47,tenor_months,-12,6,6,174.75789836837916,192.64883545156727,0.3560525330088896,207.84143052943355,223.713371537302,207.84143052943355,0.0,0.0,0.0,6,0.8333333333333334
public_monthly_6,augmented_price,47,tenor_months,-6,6,6,204.86212437083609,218.47265525400516,0.43608030502827155,261.82143791381424,264.1484749469175,261.82143791381424,0.0,0.0,0.0,6,0.8333333333333334
public_monthly_6,augmented_price,47,tenor_months,-3,6,6,99.34468613416084,119.67765462134395,0.8440004622261678,156.3039996771399,167.10001095021647,156.3039996771399,0.0,0.0,0.0,6,0.5
public_monthly_6,augmented_price,47,tenor_months,-1,6,6,39.559978739633756,47.47257956829056,0.9773558240427764,39.54582352083517,50.81522482878026,39.54582352083517,0.0,0.0,0.3333333333333333,6,0.5
public_monthly_6,augmented_price,47,tenor_months,1,6,6,63.43292226409085,75.84437276436246,0.9477259948216338,6.41532165658285,8.587204690504855,-5.123964937885678,0.3333333333333333,0.5,0.6666666666666666,6,1.0
public_monthly_6,augmented_price,47,tenor_months,3,6,6,95.33576087906567,103.63388053948822,0.9082081206172153,38.37644733608653,43.386944252116244,-38.37644733608653,0.0,0.0,0.0,6,1.0
public_monthly_6,augmented_price,47,tenor_months,6,6,6,153.14707700764635,159.98537411822346,0.800582316885291,96.187763464669,102.32265362994042,-96.187763464669,0.0,0.0,0.0,6,0.8333333333333334
public_monthly_6,augmented_price,47,tenor_months,12,6,6,232.5478927154924,247.03485658097568,0.5931991023813057,175.5885791725146,191.71217445266979,-175.5885791725146,0.0,0.0,0.0,6,0.8333333333333334
public_monthly_6,augmented_price,ensemble,ALL,0,6,72,174.61752593389394,219.8632316571597,0.5359966187077725,178.64036850782776,217.60226624188627,-15.588457209938714,0.0,0.0,0.0,64,0.703125
public_monthly_6,augmented_price,ensemble,base,0,6,6,55.50440360278086,59.950883575534135,0.9657849082458771,,,,,,,0,
public_monthly_6,augmented_price,ensemble,nobs_early,1,6,6,78.95242587406786,122.61116127067594,0.783751968512731,101.39084730767661,127.56127145113192,74.39029116132441,0.0,0.0,0.0,6,1.0
public_monthly_6,augmented_price,ensemble,nobs_late,1,6,6,270.81815234239247,287.15256044300287,0.18786999981169372,252.2824763484966,256.48919693193744,-252.2824763484966,0.0,0.0,0.0,5,0.2
public_monthly_6,augmented_price,ensemble,nobs_middle,1,6,6,256.61580383606844,270.5238888367156,0.2808995223863693,238.08012784217328,244.9690648907556,-238.08012784217328,0.0,0.0,0.0,5,0.2
public_monthly_6,augmented_price,ensemble,tenor_months,-12,6,6,399.2881828213476,412.5475046125047,-1.9530145860727086,417.8238588152447,421.4452641456308,417.8238588152447,0.0,0.0,0.0,6,0.8333333333333334
public_monthly_6,augmented_price,ensemble,tenor_months,-6,6,6,210.31164458788348,230.86067302730044,0.37031549937823116,228.84732058177974,233.66396045634946,228.84732058177974,0.0,0.0,0.0,6,0.8333333333333334
public_monthly_6,augmented_price,ensemble,tenor_months,-3,6,6,104.49694474223725,129.56792380635707,0.8171511758430979,123.0326207361342,126.91156787382106,123.0326207361342,0.0,0.0,0.0,6,0.5
public_monthly_6,augmented_price,ensemble,tenor_months,-1,6,6,51.72131309530596,60.30049032992442,0.9634647110914181,39.19114277073055,43.80363410550901,39.19114277073055,0.0,0.0,0.0,6,0.3333333333333333
public_monthly_6,augmented_price,ensemble,tenor_months,1,6,6,62.170730953668375,70.05385790438724,0.9554032549151891,19.137579857335982,20.60115804571058,-19.137579857335982,0.0,0.0,0.0,6,1.0
public_monthly_6,augmented_price,ensemble,tenor_months,3,6,6,100.41104551357512,110.3069541136101,0.8960064207018807,77.20976747692477,79.28439588934339,-77.20976747692477,0.0,0.0,0.0,6,1.0
public_monthly_6,augmented_price,ensemble,tenor_months,6,6,6,186.98721671457588,195.6596343530989,0.7017327439106433,168.45154072068058,170.89745776063225,-168.45154072068058,0.0,0.0,0.0,6,0.8333333333333334
public_monthly_6,augmented_price,ensemble,tenor_months,12,6,6,318.13244712282386,326.39970179578114,0.28982572561940745,299.5967711289282,304.35695230732654,-299.5967711289282,0.0,0.0,0.0,6,0.8333333333333334
regular_test_128,affine_coupon_delta,101,ALL,0,128,1395,154.3897066218421,226.19143888629515,0.8596991268110398,138.11780370098353,216.6245290961962,-33.56756673801704,0.010260457774269928,0.05288082083662194,0.10339384372533544,1236,0.8236245954692557
regular_test_128,affine_coupon_delta,101,base,0,128,128,69.43965380153097,108.27929681066759,0.9662277967654304,,,,,,,0,
regular_test_128,affine_coupon_delta,101,nobs_early,1,81,81,113.39185924982849,151.02947455023238,0.9120654812311766,109.94506552240009,140.80063579418018,15.71455406694868,0.012345679012345678,0.024691358024691357,0.04938271604938271,80,0.9
regular_test_128,affine_coupon_delta,101,nobs_late,1,81,81,255.04905421642502,352.1649486392925,0.6603177652187071,251.0967845525959,362.50973362157424,-235.73211193476806,0.012345679012345678,0.024691358024691357,0.06172839506172839,77,0.2987012987012987
regular_test_128,affine_coupon_delta,101,nobs_middle,1,81,81,242.21378020696338,331.75012596366264,0.6976031921307305,240.235083477707,338.69982942198453,-187.67512930328695,0.0,0.012345679012345678,0.024691358024691357,75,0.4666666666666667
regular_test_128,affine_coupon_delta,101,tenor_months,-12,128,128,259.1040011206438,338.01588195676834,0.4564244658593196,246.98355346786104,326.9654905234673,64.44718502707178,0.0,0.015625,0.0546875,127,0.8661417322834646
regular_test_128,affine_coupon_delta,101,tenor_months,-6,128,128,164.93260899285798,214.02536419757527,0.8365607207857697,140.50485393989433,185.45346886561668,56.200280798643156,0.0,0.046875,0.0625,127,0.8818897637795275
regular_test_128,affine_coupon_delta,101,tenor_months,-3,128,128,109.62064529226878,144.6886803347571,0.9332879580342162,72.6881808636285,95.35399100080069,32.4007485607168,0.0078125,0.0625,0.0859375,127,0.889763779527559
regular_test_128,affine_coupon_delta,101,tenor_months,-1,128,128,78.67802740833397,113.18893623929905,0.9619287796853783,24.05368686261812,31.58374500739706,11.589922859384185,0.03125,0.15625,0.3046875,123,0.9024390243902439
regular_test_128,affine_coupon_delta,101,tenor_months,1,128,128,71.17850302425484,111.85644607736063,0.9650664937150045,24.2407129708913,31.079081065132705,-11.663581145402153,0.03125,0.1328125,0.296875,121,0.8925619834710744
regular_test_128,affine_coupon_delta,101,tenor_months,3,128,128,103.07915428345791,140.98645686528744,0.9476667647307495,73.03075496610785,92.55789265856275,-34.7701350952915,0.015625,0.046875,0.0703125,126,0.8809523809523809
regular_test_128,affine_coupon_delta,101,tenor_months,6,128,128,162.67074816970228,206.19666780460506,0.8967148629891063,142.08856026311204,177.80447837838548,-68.77401862139482,0.0,0.015625,0.0390625,126,0.8809523809523809
regular_test_128,affine_coupon_delta,101,tenor_months,12,128,128,277.4733028283492,338.5133904023582,0.7582861411410386,263.064584723521,321.96147374446565,-123.70383516660229,0.0,0.0078125,0.0234375,127,0.8818897637795275
regular_test_128,affine_coupon_delta,233,ALL,0,128,1395,151.6869933995141,219.34279458246021,0.8680665886006261,140.1396960785028,209.64960624689792,-23.219588363629178,0.0055248618784530384,0.03946329913180742,0.08050513022888714,1236,0.8074433656957929
regular_test_128,affine_coupon_delta,233,base,0,128,128,65.63022531413691,98.27346823069325,0.9721810260859536,,,,,,,0,
regular_test_128,affine_coupon_delta,233,nobs_early,1,81,81,114.0947487007446,160.36734211271332,0.9008556816745616,113.3071019410744,157.533651308885,27.46449127750263,0.0,0.024691358024691357,0.09876543209876543,80,0.875
regular_test_128,affine_coupon_delta,233,nobs_late,1,81,81,268.7237266249057,362.83707369796616,0.639418127688072,270.7046549119919,365.4039339881664,-207.41776431440448,0.012345679012345678,0.037037037037037035,0.06172839506172839,77,0.5194805194805194
regular_test_128,affine_coupon_delta,233,nobs_middle,1,81,81,252.67415237556705,315.8125311261724,0.7259601467385611,247.85319334025655,313.04902196861997,-131.68500584885157,0.0,0.0,0.012345679012345678,75,0.52
regular_test_128,affine_coupon_delta,233,tenor_months,-12,128,128,250.72330544753527,323.79473449394897,0.5012013694297164,254.2113428680214,324.22304385663153,61.906411314973184,0.0,0.0078125,0.0234375,127,0.8976377952755905
regular_test_128,affine_coupon_delta,233,tenor_months,-6,128,128,148.33958859040825,188.54192971214476,0.8731642023869122,140.7816594382594,175.87879367794616,47.94161954340271,0.0,0.015625,0.0390625,127,0.8740157480314961
regular_test_128,affine_coupon_delta,233,tenor_months,-3,128,128,96.00817939084887,122.38230095524128,0.9522720972169874,72.01103458597186,89.3704910154828,26.90909789740055,0.0078125,0.046875,0.0625,127,0.8582677165354331
regular_test_128,affine_coupon_delta,233,tenor_months,-1,128,128,71.22718391015079,98.33567485346805,0.9712650102828351,23.62544581802039,29.41584058195172,9.548915467275744,0.03125,0.1171875,0.234375,123,0.8373983739837398
regular_test_128,affine_coupon_delta,233,tenor_months,1,128,128,72.7184810394788,106.60323511056743,0.9682706691192029,23.8291457157848,29.080367801730837,-9.464635414477549,0.0078125,0.1171875,0.2265625,121,0.8347107438016529
regular_test_128,affine_coupon_delta,233,tenor_months,3,128,128,103.89253916893522,140.98798984310795,0.9476656266622161,71.87339887125479,86.62147251471579,-27.75434244232691,0.0,0.0390625,0.0546875,126,0.8253968253968254
regular_test_128,affine_coupon_delta,233,tenor_months,6,128,128,163.95410880991932,207.48794091727729,0.8954171997084204,140.42319621574973,166.43055923016527,-53.41372005487461,0.0,0.0078125,0.0234375,126,0.8253968253968254
regular_test_128,affine_coupon_delta,233,tenor_months,12,128,128,278.50992698892713,335.63148396119493,0.7623842450058242,260.5567605947806,303.1472003464863,-88.30239214709297,0.0,0.0,0.0234375,127,0.8110236220472441
regular_test_128,affine_coupon_delta,47,ALL,0,128,1395,157.8252307865514,224.0853624068234,0.8622996561486694,138.92208407094148,208.17437362333723,-27.156737656109115,0.003946329913180742,0.02999210734017364,0.07576953433307025,1236,0.8640776699029126
regular_test_128,affine_coupon_delta,47,base,0,128,128,78.96658720262198,114.29113555081855,0.9623735161318687,,,,,,,0,
regular_test_128,affine_coupon_delta,47,nobs_early,1,81,81,107.3203804207001,149.6194734785522,0.9136997184597158,102.6780642347326,139.3817649072148,-6.4341272086898575,0.012345679012345678,0.08641975308641975,0.13580246913580246,80,0.825
regular_test_128,affine_coupon_delta,47,nobs_late,1,81,81,253.58452765890814,346.1256481686932,0.6718683350315879,242.17714190913165,337.9841968677105,-208.90086768978048,0.012345679012345678,0.037037037037037035,0.07407407407407407,77,0.44155844155844154
regular_test_128,affine_coupon_delta,47,nobs_middle,1,81,81,242.154750398104,317.67973515822433,0.7227101112489047,234.0296309922141,308.2888400421994,-138.30987079208515,0.0,0.012345679012345678,0.04938271604938271,75,0.5066666666666667
regular_test_128,affine_coupon_delta,47,tenor_months,-12,128,128,264.32541323605625,331.951713271208,0.4757535269754525,260.35345250818796,329.2232067155247,99.1072533676713,0.0,0.0,0.0234375,127,0.952755905511811
regular_test_128,affine_coupon_delta,47,tenor_months,-6,128,128,162.09236987930302,201.75017438390236,0.854770853045726,143.205521704429,178.699747694942,67.32938998755745,0.0,0.0078125,0.0234375,127,0.9448818897637795
regular_test_128,affine_coupon_delta,47,tenor_months,-3,128,128,111.95562324501331,139.3486207175308,0.9381214010825735,73.23453054001675,90.79192865351645,36.72640198706596,0.0078125,0.015625,0.046875,127,0.9448818897637795
regular_test_128,affine_coupon_delta,47,tenor_months,-1,128,128,84.62952085073759,115.8322354211921,0.9601298640578865,24.04598745221235,29.96359614034686,12.760255402936107,0.015625,0.0859375,0.2109375,123,0.926829268292683
regular_test_128,affine_coupon_delta,47,tenor_months,1,128,128,83.65606400740276,120.21085293894355,0.9596533480496646,24.398001763207326,29.55914648066043,-12.72045997291442,0.0,0.078125,0.203125,121,0.9090909090909091
regular_test_128,affine_coupon_delta,47,tenor_months,3,128,128,109.96661888574867,149.45835393274913,0.9411883748181752,73.27698459622853,88.41043701435775,-38.03506333189524,0.0,0.0078125,0.0625,126,0.9126984126984127
regular_test_128,affine_coupon_delta,47,tenor_months,6,128,128,164.26509815391336,211.68555469924772,0.8911428422768142,143.28848693492188,170.47119876584273,-74.9338373526432,0.0,0.0078125,0.0078125,126,0.9206349206349206
regular_test_128,affine_coupon_delta,47,tenor_months,12,128,128,278.5674280590819,339.14939483279005,0.7573770160918215,266.9830400465815,311.4889613651891,-135.25231891086594,0.0,0.0078125,0.0078125,127,0.8976377952755905
regular_test_128,affine_coupon_delta,ensemble,ALL,0,128,1395,148.29924814578303,216.41876921798672,0.871560710915225,136.47546809039966,207.52041383383894,-27.98129758591848,0.004735595895816891,0.026835043409629045,0.07103393843725335,1236,0.8333333333333334
regular_test_128,affine_coupon_delta,ensemble,base,0,128,128,63.2669056681858,97.88028384984469,0.9724031838101463,,,,,,,0,
regular_test_128,affine_coupon_delta,ensemble,nobs_early,1,81,81,99.71885507585661,140.2535570087551,0.924166039678642,94.48814070813164,127.85042403326894,12.248306045253797,0.012345679012345678,0.024691358024691357,0.06172839506172839,80,0.875
regular_test_128,affine_coupon_delta,ensemble,nobs_late,1,81,81,249.60133700584976,347.4510686873514,0.6693504912949491,243.36205164618616,351.07260165170004,-217.35024797965107,0.024691358024691357,0.07407407407407407,0.12345679012345678,77,0.5064935064935064
regular_test_128,affine_coupon_delta,ensemble,nobs_middle,1,81,81,239.38148642763454,315.2117600803723,0.7270017685870849,234.6035217928267,314.1605296902996,-152.55666864807463,0.012345679012345678,0.012345679012345678,0.024691358024691357,75,0.52
regular_test_128,affine_coupon_delta,ensemble,tenor_months,-12,128,128,255.62077665730143,325.5163690647077,0.49588298785976626,251.99313425330055,322.5203739515951,75.15361656990538,0.0,0.0,0.0078125,127,0.905511811023622
regular_test_128,affine_coupon_delta,ensemble,tenor_months,-6,128,128,156.13581449459906,195.42544472650798,0.8637337932056584,140.8089482634263,177.72462611810295,57.1570967765344,0.0,0.0,0.0078125,127,0.889763779527559
regular_test_128,affine_coupon_delta,ensemble,tenor_months,-3,128,128,101.97586124469004,128.01424730942492,0.9477782120560109,72.33495388613119,90.63253694010827,32.01208281506108,0.0,0.0,0.03125,127,0.8818897637795275
regular_test_128,affine_coupon_delta,ensemble,tenor_months,-1,128,128,71.24961263274447,100.2690740410798,0.970123972562626,23.768658876028265,29.907846849031024,11.29969790986529,0.0,0.09375,0.2421875,123,0.8780487804878049
regular_test_128,affine_coupon_delta,ensemble,tenor_months,1,128,128,66.54660934469405,104.12398684088107,0.9697293517284947,24.046521675937875,29.473349191296588,-11.282892177598065,0.015625,0.078125,0.2265625,121,0.8677685950413223
regular_test_128,affine_coupon_delta,ensemble,tenor_months,3,128,128,97.93706743270002,136.19874636417273,0.9511607471550355,72.42636182804361,87.83832319973196,-33.51984695650455,0.0,0.0078125,0.03125,126,0.8809523809523809
regular_test_128,affine_coupon_delta,ensemble,tenor_months,6,128,128,158.1158015986906,201.50757905943695,0.9013590343087743,141.27975994370863,168.7038782789149,-65.7071920096376,0.0,0.0078125,0.015625,126,0.8650793650793651
regular_test_128,affine_coupon_delta,ensemble,tenor_months,12,128,128,272.84385720850946,329.48720124669745,0.7710045014501027,261.979686465749,306.134412057297,-115.75284874152038,0.0,0.0078125,0.0078125,127,0.8582677165354331
regular_test_128,augmented_delta,101,ALL,0,128,1395,148.8676731425226,202.05840981271098,0.8880402528610538,117.2983812161792,175.20590932455502,-13.339438707485451,0.008681925808997633,0.041831097079715863,0.09865824782951854,1236,0.8001618122977346
regular_test_128,augmented_delta,101,base,0,128,128,88.63395997508292,123.74897303368057,0.9558885079624416,,,,,,,0,
regular_test_128,augmented_delta,101,nobs_early,1,81,81,93.21343511200033,128.00627173091058,0.9368318052470241,102.95417065261577,146.47659436419997,26.91164715931371,0.012345679012345678,0.037037037037037035,0.08641975308641975,80,0.875
regular_test_128,augmented_delta,101,nobs_late,1,81,81,213.57433843205868,269.6698537426834,0.8008201608480401,178.59678015921668,245.0476474312548,-152.4078282054033,0.0,0.0,0.024691358024691357,77,0.4025974025974026
regular_test_128,augmented_delta,101,nobs_middle,1,81,81,206.81398489010124,258.8684233151185,0.8158748275267165,178.45274574240386,233.51648157595045,-92.77575601330744,0.0,0.012345679012345678,0.012345679012345678,75,0.48
regular_test_128,augmented_delta,101,tenor_months,-12,128,128,254.13353908637094,311.8365976300315,0.5373635412060318,246.55733564317373,308.4459387114415,37.248281764456564,0.0,0.015625,0.015625,127,0.8818897637795275
regular_test_128,augmented_delta,101,tenor_months,-6,128,128,151.60336327752813,188.19532624383646,0.8736301074426882,128.6011279582837,160.8409331203631,30.60698696789078,0.0078125,0.046875,0.046875,127,0.8661417322834646
regular_test_128,augmented_delta,101,tenor_months,-3,128,128,109.68345206598555,137.42408460919424,0.9398188020503078,63.75448940616773,79.69820444103038,16.44121842323749,0.0,0.046875,0.1015625,127,0.84251968503937
regular_test_128,augmented_delta,101,tenor_months,-1,128,128,90.9591359071656,122.92404274877795,0.9550983282330265,20.499123367585355,25.72095421173596,5.695200442387229,0.0390625,0.125,0.3046875,123,0.8373983739837398
regular_test_128,augmented_delta,101,tenor_months,1,128,128,92.17501252568232,128.99775642758462,0.9535394380314104,20.327386548044515,25.10755478255775,-5.291481403108797,0.015625,0.09375,0.3046875,121,0.8347107438016529
regular_test_128,augmented_delta,101,tenor_months,3,128,128,113.04068832276852,151.39041516485736,0.9396580207715125,60.261408622958804,73.99814034279956,-14.442450625770451,0.015625,0.03125,0.0859375,126,0.8412698412698413
regular_test_128,augmented_delta,101,tenor_months,6,128,128,154.50916250350934,197.42090511327098,0.9053194391290795,115.73287248214463,140.1639843120108,-26.138741707751933,0.0,0.0234375,0.0390625,126,0.8492063492063492
regular_test_128,augmented_delta,101,tenor_months,12,128,128,242.67310509100065,292.67496944473265,0.8193154534828859,214.2408620654377,252.97328224904734,-38.03340402206673,0.0,0.0,0.0,127,0.8346456692913385
regular_test_128,augmented_delta,233,ALL,0,128,1395,150.83998692300838,218.0668368671001,0.8695970862655122,125.51104667826245,195.81693122931836,-26.235673243148334,0.008681925808997633,0.06866614048934491,0.12943962115232832,1236,0.7508090614886731
regular_test_128,augmented_delta,233,base,0,128,128,82.52214475180246,123.00412113254188,0.9564179288581954,,,,,,,0,
regular_test_128,augmented_delta,233,nobs_early,1,81,81,99.44805783277701,143.64073105171224,0.9204589752381037,104.69463197403476,148.17632720153506,-41.916352803387035,0.0,0.04938271604938271,0.08641975308641975,80,0.8625
regular_test_128,augmented_delta,233,nobs_late,1,81,81,207.9655725952834,285.29470399624296,0.7770702660541345,196.38726950396298,278.22674432824465,-180.84901598156847,0.0,0.04938271604938271,0.06172839506172839,77,0.33766233766233766
regular_test_128,augmented_delta,233,nobs_middle,1,81,81,190.35857591681884,255.2516582527084,0.8209838742698934,181.84809263274116,247.69336360667302,-136.4183284280353,0.012345679012345678,0.06172839506172839,0.07407407407407407,75,0.41333333333333333
regular_test_128,augmented_delta,233,tenor_months,-12,128,128,271.02901299930926,352.18006655844266,0.4099141089378715,249.51617844383088,337.30870033102303,8.828181775876821,0.0,0.015625,0.078125,127,0.8110236220472441
regular_test_128,augmented_delta,233,tenor_months,-6,128,128,170.24461915465486,218.57502479607766,0.8295382190652578,136.12554005200911,185.11475478048527,24.066420285075225,0.0078125,0.0625,0.09375,127,0.8188976377952756
regular_test_128,augmented_delta,233,tenor_months,-3,128,128,114.10148848307631,151.23723528026588,0.9271125792888162,69.01092085476208,93.09485908981526,14.682238789786984,0.015625,0.078125,0.140625,127,0.8110236220472441
regular_test_128,augmented_delta,233,tenor_months,-1,128,128,87.60596793837458,125.2442816367786,0.9533872577847063,22.498230606513836,30.34580679883682,5.392124793542987,0.0390625,0.1875,0.328125,123,0.7804878048780488
regular_test_128,augmented_delta,233,tenor_months,1,128,128,85.54191927984033,127.44587032907889,0.9546505860027652,22.286891525589866,29.448363388080807,-5.179243063029013,0.015625,0.1796875,0.3359375,121,0.7851239669421488
regular_test_128,augmented_delta,233,tenor_months,3,128,128,107.88213228461362,153.12979949021567,0.9382634695500659,66.89306816082279,86.80694792331379,-14.480676760845546,0.0,0.046875,0.1171875,126,0.8095238095238095
regular_test_128,augmented_delta,233,tenor_months,6,128,128,156.04102584252814,208.7988091169696,0.8940915579973661,129.5440298695053,163.48860790330193,-26.849033495733927,0.0,0.0078125,0.0390625,126,0.7936507936507936
regular_test_128,augmented_delta,233,tenor_months,12,128,128,253.95538491940604,321.99242368183917,0.7813038423326081,240.88425469312747,291.68554385209393,-38.85625079980388,0.0,0.0,0.0078125,127,0.7795275590551181
regular_test_128,augmented_delta,47,ALL,0,128,1395,149.37417890099482,209.81096857062258,0.8792841144467536,120.04902959418648,186.31716601012198,-11.695900608800178,0.004735595895816891,0.06708760852407261,0.13575374901341752,1236,0.7330097087378641
regular_test_128,augmented_delta,47,base,0,128,128,83.89381419317564,117.58954383182724,0.9601703993585611,,,,,,,0,
regular_test_128,augmented_delta,47,nobs_early,1,81,81,104.61750683095983,134.01384670945015,0.9307634666291734,110.5591693710296,146.77551287436822,22.06561293271956,0.0,0.024691358024691357,0.04938271604938271,80,0.875
regular_test_128,augmented_delta,47,nobs_late,1,81,81,240.05783640910752,302.156551522277,0.7499397801315916,216.1774360487228,282.2827342252428,-126.61711181043722,0.0,0.012345679012345678,0.037037037037037035,77,0.4805194805194805
regular_test_128,augmented_delta,47,nobs_middle,1,81,81,220.1702444062392,280.1654333804007,0.784332793948165,196.21082808126144,257.021402341997,-94.65667992026953,0.0,0.037037037037037035,0.07407407407407407,75,0.5333333333333333
regular_test_128,augmented_delta,47,tenor_months,-12,128,128,218.37537259294095,290.29803864090843,0.5990650724466302,210.51772068634452,285.4517948535681,-28.59837561600512,0.0,0.0078125,0.0546875,127,0.8267716535433071
regular_test_128,augmented_delta,47,tenor_months,-6,128,128,141.21106975217032,181.3016752149253,0.882718480843147,116.56442966249982,155.65692059017988,-5.215320723087275,0.0,0.0234375,0.0546875,127,0.8031496062992126
regular_test_128,augmented_delta,47,tenor_months,-3,128,128,104.41521805087686,132.1908743694765,0.9443150193237522,59.85699219434723,79.16424061167066,-1.7405824190476635,0.0078125,0.0703125,0.1171875,127,0.7952755905511811
regular_test_128,augmented_delta,47,tenor_months,-1,128,128,86.54482638538067,116.79811132405986,0.9594621714930549,19.892692725105416,26.02345100811554,-0.25855851261460183,0.0078125,0.203125,0.390625,123,0.7560975609756098
regular_test_128,augmented_delta,47,tenor_months,1,128,128,90.32137861572991,124.13425474223752,0.9569767289052832,20.02766274752175,26.188623405501467,0.6332761669195074,0.0234375,0.1875,0.4140625,121,0.7603305785123967
regular_test_128,augmented_delta,47,tenor_months,3,128,128,115.08705032172489,150.40451551602752,0.9404413916874773,61.61121459983228,79.40459118788293,3.515101710385916,0.0,0.0625,0.1015625,126,0.7222222222222222
regular_test_128,augmented_delta,47,tenor_months,6,128,128,160.9453723252551,207.80838058017403,0.895093919665481,122.77868419851995,155.87888897916324,9.348783457329088,0.0078125,0.0546875,0.0703125,126,0.6984126984126984
regular_test_128,augmented_delta,47,tenor_months,12,128,128,269.7097021966282,342.9914504891915,0.7518487676326012,246.12074679717392,306.2825554949096,32.60596039930091,0.0,0.0078125,0.0390625,127,0.6850393700787402
regular_test_128,augmented_delta,ensemble,ALL,0,128,1395,141.3608208123524,200.22206720668586,0.8900660255624473,117.01777067847563,179.16075498123917,-17.090337519811314,0.009471191791633781,0.055248618784530384,0.10812943962115233,1236,0.7556634304207119
regular_test_128,augmented_delta,ensemble,base,0,128,128,77.28245945390411,111.81394520310589,0.963986901972629,,,,,,,0,
regular_test_128,augmented_delta,ensemble,nobs_early,1,81,81,86.64962058004686,117.32327753725916,0.9469354675348887,93.51324849866548,125.5430715106057,2.353635762882116,0.024691358024691357,0.04938271604938271,0.07407407407407407,80,0.875
regular_test_128,augmented_delta,ensemble,nobs_late,1,81,81,205.6656574226206,272.97393266169473,0.795909433471031,182.00402071854364,258.56337722701926,-153.29131866580295,0.012345679012345678,0.012345679012345678,0.07407407407407407,77,0.45454545454545453
regular_test_128,augmented_delta,ensemble,nobs_middle,1,81,81,196.70461675756155,254.3489222929777,0.8222478701726148,178.49986539074303,236.75426556951513,-107.95025478720403,0.0,0.0,0.012345679012345678,75,0.49333333333333335
regular_test_128,augmented_delta,ensemble,tenor_months,-12,128,128,241.440252763435,310.29610257428027,0.5419231651570127,231.97072143869246,304.2024391728488,5.826029308109392,0.0,0.0234375,0.03125,127,0.8267716535433071
regular_test_128,augmented_delta,ensemble,tenor_months,-6,128,128,147.94621532527785,187.80611508514534,0.8741522640063395,125.23527692436035,163.52682349938632,16.486028843292903,0.0,0.015625,0.0390625,127,0.8110236220472441
regular_test_128,augmented_delta,ensemble,tenor_months,-3,128,128,100.89044909149219,131.0020977927961,0.9453120525939649,63.05030517160719,81.94688751777804,9.794291597992236,0.015625,0.0390625,0.09375,127,0.8031496062992126
regular_test_128,augmented_delta,ensemble,tenor_months,-1,128,128,80.74490190117481,111.89765435560902,0.962792472928168,20.508746226939593,26.65156287220114,3.6095889077718835,0.0234375,0.1875,0.3359375,123,0.7967479674796748
regular_test_128,augmented_delta,ensemble,tenor_months,1,128,128,81.70920232869443,117.48372805407155,0.9614632058405413,20.391756266428864,26.153920004541046,-3.2791494330727238,0.015625,0.15625,0.3203125,121,0.7851239669421488
regular_test_128,augmented_delta,ensemble,tenor_months,3,128,128,104.6556686604785,142.72319772983633,0.9463694900879823,61.60936139935919,77.6707227846605,-8.469341892076658,0.0078125,0.0390625,0.09375,126,0.7857142857142857
regular_test_128,augmented_delta,ensemble,tenor_months,6,128,128,149.38682137011196,195.34907434284497,0.9072962590523345,120.30827567018079,148.11227039511257,-14.546330582052253,0.0078125,0.0234375,0.03125,126,0.7619047619047619
regular_test_128,augmented_delta,ensemble,tenor_months,12,128,128,247.0981975245954,306.642385996942,0.8016582148458735,227.91092835856037,273.1569648464224,-14.761231474189948,0.0,0.0234375,0.0234375,127,0.7401574803149606
regular_test_128,augmented_price,101,ALL,0,128,1395,137.6144602806252,185.270592694477,0.9058715236049562,100.03268153690468,149.8553445985352,-19.127711623109573,0.011049723756906077,0.06787687450670876,0.13654301499605367,1236,0.8252427184466019
regular_test_128,augmented_price,101,base,0,128,128,95.54203842000395,131.37365251746732,0.9502852694615747,,,,,,,0,
regular_test_128,augmented_price,101,nobs_early,1,81,81,95.00258495142367,129.42078656089978,0.9354280297185171,99.06091378798897,130.4885761367647,5.938259099674067,0.0,0.037037037037037035,0.08641975308641975,80,0.8625
regular_test_128,augmented_price,101,nobs_late,1,81,81,162.09510878642524,198.21947697201722,0.8923848959743998,137.18840791080078,180.38968147440698,-120.04405875656956,0.012345679012345678,0.024691358024691357,0.08641975308641975,77,0.36363636363636365
regular_test_128,augmented_price,101,nobs_middle,1,81,81,170.56542507762765,215.39890225856288,0.8725200217057119,143.1414096270458,194.47967886146824,-79.35635157137976,0.0,0.0,0.024691358024691357,75,0.49333333333333335
regular_test_128,augmented_price,101,tenor_months,-12,128,128,217.8079402440095,274.6422302833504,0.6411439084007207,195.95988968633776,250.58035784723236,-14.36593662702149,0.0078125,0.0625,0.0703125,127,0.8976377952755905
regular_test_128,augmented_price,101,tenor_months,-6,128,128,147.66072336494565,185.72849736428213,0.8769212607203376,104.76261830552892,133.39135710248192,7.580655640035185,0.0078125,0.0703125,0.09375,127,0.8976377952755905
regular_test_128,augmented_price,101,tenor_months,-3,128,128,117.11027104236607,148.05803592029025,0.9301447436598989,53.336103929254605,67.70881478153552,6.6632114896079795,0.015625,0.0625,0.171875,127,0.889763779527559
regular_test_128,augmented_price,101,tenor_months,-1,128,128,100.78352234186556,133.5484806102662,0.9470011136903487,17.453221619194387,22.150658253805965,2.9742437517777747,0.03125,0.21875,0.3515625,123,0.8699186991869918
regular_test_128,augmented_price,101,tenor_months,1,128,128,94.52967047681571,131.8453375417463,0.9514655963858303,17.498814708868142,22.003223989625138,-3.0545516809784985,0.03125,0.1640625,0.3828125,121,0.8842975206611571
regular_test_128,augmented_price,101,tenor_months,3,128,128,105.60354738790353,144.23718649117518,0.94522564453638,53.49137935848479,66.4947567006104,-9.044803006523018,0.0078125,0.03125,0.1015625,126,0.873015873015873
regular_test_128,augmented_price,101,tenor_months,6,128,128,134.61565647147893,178.956291486961,0.922201990199789,105.31877206693325,129.23024233814053,-19.5924473911025,0.0,0.0078125,0.03125,126,0.8809523809523809
regular_test_128,augmented_price,101,tenor_months,12,128,128,215.49865733981844,268.5433814954722,0.847882649257474,202.26324930872278,244.3745489293972,-38.06956262102618,0.0,0.015625,0.0234375,127,0.8661417322834646
regular_test_128,augmented_price,233,ALL,0,128,1395,124.95606821682227,174.33204962094115,0.9166582683760437,84.60972335178127,128.42930719792145,-20.169299732704822,0.0244672454617206,0.08760852407261246,0.15232833464877663,1236,0.7896440129449838
regular_test_128,augmented_price,233,base,0,128,128,87.52293856682411,131.39593904246547,0.9502684005910996,,,,,,,0,
regular_test_128,augmented_price,233,nobs_early,1,81,81,103.56811724396925,130.97435993071923,0.9338684749829191,96.01743836894171,126.13287420348175,-26.87862338702253,0.012345679012345678,0.07407407407407407,0.07407407407407407,80,0.825
regular_test_128,augmented_price,233,nobs_late,1,81,81,155.76469403424866,196.50356510671594,0.8942399990039215,124.38060033278077,153.73692607342335,-120.76821839759995,0.0,0.0,0.024691358024691357,77,0.16883116883116883
regular_test_128,augmented_price,233,nobs_middle,1,81,81,165.8485952560769,216.93841222452804,0.870691246880097,119.81785332574567,179.5536424544467,-98.34335229579547,0.024691358024691357,0.04938271604938271,0.07407407407407407,75,0.38666666666666666
regular_test_128,augmented_price,233,tenor_months,-12,128,128,181.94352948961352,233.11437907846977,0.7414623399392866,174.21779049911925,225.86183221108635,-51.950520833364195,0.0,0.03125,0.046875,127,0.8582677165354331
regular_test_128,augmented_price,233,tenor_months,-6,128,128,117.25246452665894,153.05183520376642,0.9164198720216072,88.2364859243389,111.40523667856397,-15.747484737963164,0.0234375,0.078125,0.1171875,127,0.8661417322834646
regular_test_128,augmented_price,233,tenor_months,-3,128,128,95.42015666210426,131.2983542435353,0.9450644233239384,43.808333010987624,54.782880668689174,-6.106818226585696,0.03125,0.09375,0.1640625,127,0.8661417322834646
regular_test_128,augmented_price,233,tenor_months,-1,128,128,87.68744955459091,128.74637022253597,0.9507440354157572,14.168793747142919,17.653303765079162,-1.4020084300502478,0.0859375,0.2421875,0.421875,123,0.8699186991869918
regular_test_128,augmented_price,233,tenor_months,1,128,128,90.73717940416915,135.333382426883,0.9488636156649097,14.167804067920308,17.631904002672307,1.4351588735020537,0.0546875,0.21875,0.4296875,121,0.8760330578512396
regular_test_128,augmented_price,233,tenor_months,3,128,128,104.58768213172266,149.91178780848918,0.9408309824807455,42.88373902303763,52.62780870671021,4.788913505203363,0.0078125,0.0859375,0.1328125,126,0.8650793650793651
regular_test_128,augmented_price,233,tenor_months,6,128,128,131.94509241604044,180.62492690858284,0.9207444081787765,83.84423091352973,101.93218479205858,8.179093526353649,0.015625,0.03125,0.0625,126,0.8571428571428571
regular_test_128,augmented_price,233,tenor_months,12,128,128,195.66929813256633,252.7615769135404,0.8652366001382458,160.88401213018884,193.98866919731336,16.82478319147334,0.0,0.0078125,0.0234375,127,0.8582677165354331
regular_test_128,augmented_price,47,ALL,0,128,1395,128.78228062508956,173.2069667286081,0.9177305185760553,87.23484611106552,131.26976058592354,-24.400400127473905,0.012628255722178374,0.07576953433307025,0.14601420678768745,1236,0.669093851132686
regular_test_128,augmented_price,47,base,0,128,128,95.91423075952143,130.91911041086624,0.9506286921383496,,,,,,,0,
regular_test_128,augmented_price,47,nobs_early,1,81,81,138.9958162231452,171.34250235772205,0.8868209149347343,136.21785416970908,174.9414941967305,-84.76243055756078,0.012345679012345678,0.037037037037037035,0.06172839506172839,80,0.8
regular_test_128,augmented_price,47,nobs_late,1,81,81,121.52808082490968,151.99962885204275,0.9367201220125692,104.74040782544434,126.35289944223861,-92.16203613437868,0.0,0.037037037037037035,0.037037037037037035,77,0.24675324675324675
regular_test_128,augmented_price,47,nobs_middle,1,81,81,153.24116399986661,199.0865905795464,0.891097204527558,128.13620869115016,176.28504356699372,-114.25203802709459,0.0,0.012345679012345678,0.07407407407407407,75,0.21333333333333335
regular_test_128,augmented_price,47,tenor_months,-12,128,128,212.19131748674073,265.498211184073,0.664641833111695,184.55262867461732,227.451002142555,-125.65866298728294,0.0,0.0078125,0.015625,127,0.7401574803149606
regular_test_128,augmented_price,47,tenor_months,-6,128,128,140.72287816175427,177.73508405135172,0.8872874496528934,91.62871921678507,111.6863192947102,-51.92194877746769,0.0,0.0,0.015625,127,0.7322834645669292
regular_test_128,augmented_price,47,tenor_months,-3,128,128,112.28649580878528,145.90634573843238,0.9321603679025887,45.116773764379275,55.14958353630432,-23.943391760299512,0.0,0.0390625,0.1328125,127,0.7244094488188977
regular_test_128,augmented_price,47,tenor_months,-1,128,128,98.99211097789875,133.43461586159393,0.9470914499070936,14.627044219124631,17.867015224472826,-7.212325082109803,0.015625,0.1875,0.375,123,0.6991869918699187
regular_test_128,augmented_price,47,tenor_months,1,128,128,94.54267808134583,129.98440440126464,0.9528260066262536,14.060529917451229,17.75061008311521,7.174485462311544,0.0546875,0.2421875,0.421875,121,0.7024793388429752
regular_test_128,augmented_price,47,tenor_months,3,128,128,97.81972576626318,135.5023382355237,0.9516589176416564,42.345993793215456,53.381886555860405,21.97815731359207,0.015625,0.125,0.171875,126,0.7380952380952381
regular_test_128,augmented_price,47,tenor_months,6,128,128,116.62943466119447,157.33400641373473,0.9398660477668244,81.7501142972886,103.70943825494275,41.7715448901556,0.0078125,0.0625,0.1171875,126,0.7301587301587301
regular_test_128,augmented_price,47,tenor_months,12,128,128,172.59106210210768,224.40270735040738,0.893780065033687,155.8392734384621,199.85791444130388,80.54643719682203,0.0234375,0.03125,0.0859375,127,0.7322834645669292
regular_test_128,augmented_price,ensemble,ALL,0,128,1395,121.3952267108152,167.85643263321452,0.9227347835753253,85.99905023331527,130.2865233720962,-21.232470494429403,0.0244672454617206,0.0931333859510655,0.16574585635359115,1236,0.7758899676375405
regular_test_128,augmented_price,ensemble,base,0,128,128,84.63819698997764,122.86202733724049,0.9565185623154352,,,,,,,0,
regular_test_128,augmented_price,ensemble,nobs_early,1,81,81,100.05936003276814,128.75737474080915,0.9360883257346402,101.51140231840543,130.64990228709752,-35.23426494830309,0.0,0.037037037037037035,0.06172839506172839,80,0.8625
regular_test_128,augmented_price,ensemble,nobs_late,1,81,81,137.29201121205415,171.44435011568146,0.9194942438520217,116.48562094369028,145.9898280669901,-110.99143776284933,0.0,0.024691358024691357,0.037037037037037035,77,0.22077922077922077
regular_test_128,augmented_price,ensemble,nobs_middle,1,81,81,152.84068439814467,200.4559402398458,0.8895939504720894,118.08946507240492,174.82269642741656,-97.31724729808987,0.0,0.012345679012345678,0.07407407407407407,75,0.36
regular_test_128,augmented_price,ensemble,tenor_months,-12,128,128,194.11054496949006,247.5068862315438,0.708552548894522,176.83350088774375,227.15705421828642,-63.99170681588952,0.0,0.0234375,0.0625,127,0.84251968503937
regular_test_128,augmented_price,ensemble,tenor_months,-6,128,128,126.07665057405964,163.17680989666405,0.9049957955245753,90.1958653949604,114.64518603677911,-20.029592625131844,0.0390625,0.09375,0.125,127,0.84251968503937
regular_test_128,augmented_price,ensemble,tenor_months,-3,128,128,99.2321353356851,133.0371988477053,0.9435997139045074,45.00853987425735,57.01232718673436,-7.7956661657590285,0.03125,0.1328125,0.21875,127,0.8346456692913385
regular_test_128,augmented_price,ensemble,tenor_months,-1,128,128,87.94139430266779,123.39961194969865,0.9547502244994832,14.747327115490359,18.475394405062804,-1.8800299201274109,0.0703125,0.25,0.390625,123,0.8536585365853658
regular_test_128,augmented_price,ensemble,tenor_months,1,128,128,85.68359136682759,124.09160014515457,0.9570062908502139,14.546328977034163,18.36288484812401,1.8516975516117085,0.0625,0.2421875,0.4453125,121,0.859504132231405
regular_test_128,augmented_price,ensemble,tenor_months,3,128,128,94.73849283345061,134.97132063710342,0.952037061178026,44.08421561435598,55.17440368582432,5.907422604090824,0.0078125,0.0859375,0.1796875,126,0.8412698412698413
regular_test_128,augmented_price,ensemble,tenor_months,6,128,128,118.86089978624783,163.55273545348973,0.9350184346432753,86.59045954493837,106.86830713036849,10.119397008468951,0.0078125,0.0234375,0.078125,126,0.8333333333333334
regular_test_128,augmented_price,ensemble,tenor_months,12,128,128,184.8179747361786,237.23256359907737,0.8812869534059224,166.57025548587507,203.11191951372783,19.767219255756434,0.0234375,0.0234375,0.03125,127,0.8346456692913385
