model,seed,axis,offset,mc_price_krw,mc_delta_krw,mc_halfwidth_krw,pred_price_krw,pred_delta_krw,baseline_error_krw,changed_error_krw,replay_delta_difference_krw
augmented_price,47,base,0.0,9897.18060017834,0.0,0.0,9811.251163482666,0.0,-85.92943669567467,-85.92943669567467,0.0
augmented_price,47,coupon_regular,-0.01,9788.809660632509,-108.3709395458348,0.368962743814292,9702.131152153015,-109.12001132965088,-85.92943669567467,-86.67850847949376,0.0
augmented_price,47,coupon_regular,-0.005,9842.995130405425,-54.18546977291786,0.18448137190714434,9755.79023361206,-55.46092987060547,-85.92943669567467,-87.20489679336424,0.0
augmented_price,47,coupon_regular,-0.0025,9870.087865291882,-27.092734886458302,0.09224068595357501,9783.310294151306,-27.940869331359863,-85.92943669567467,-86.77757114057567,0.0
augmented_price,47,coupon_regular,-0.001,9886.343506223757,-10.837093954583615,0.03689627438142965,9800.027012825012,-11.224150657653809,-85.92943669567467,-86.31649339874457,0.0
augmented_price,47,coupon_regular,0.001,9908.017694132925,10.837093954583995,0.036896274381427695,9822.53611087799,11.284947395324707,-85.92943669567467,-85.48158325493387,1.7763568394002505e-15
augmented_price,47,coupon_regular,0.0025,9924.273335064798,27.09273488645873,0.09224068595357364,9839.571118354797,28.319954872131348,-85.92943669567467,-84.70221671000036,0.0
augmented_price,47,coupon_regular,0.005,9951.366069951257,54.18546977291842,0.18448137190714256,9868.22247505188,56.97131156921387,-85.92943669567467,-83.1435948993767,0.0
augmented_price,47,coupon_regular,0.01,10005.551539724176,108.3709395458364,0.3689627438142877,9926.31196975708,115.06080627441406,-85.92943669567467,-79.23956996709603,0.0
augmented_price,47,first_strike,-0.05,9922.491215155746,25.31061497740265,2.3146585689961694,9842.24021434784,30.98905086517334,-85.92943669567467,-80.25100080790617,0.0
augmented_price,47,first_strike,-0.025,9907.829470814837,10.648870636495964,1.5383608104349455,9828.827381134033,17.576217651367188,-85.92943669567467,-79.00208968080369,0.0
augmented_price,47,first_strike,-0.01,9900.846488382682,3.665888204340764,0.9290813217203813,9818.740487098694,7.489323616027832,-85.92943669567467,-82.10600128398801,0.0
augmented_price,47,first_strike,-0.005,9899.101119055422,1.9205188770812212,0.6638004458576493,9815.068244934082,3.8170814514160156,-85.92943669567467,-84.03287412133977,4.440892098500626e-16
augmented_price,47,first_strike,0.005,9895.549208840548,-1.6313913377956155,0.633356239119835,9807.295203208923,-3.955960273742676,-85.92943669567467,-88.25400563162475,0.0
augmented_price,47,first_strike,0.01,9894.131526020044,-3.04907415829732,0.8649370669449874,9803.207516670227,-8.043646812438965,-85.92943669567467,-90.92400934981742,0.0
augmented_price,47,first_strike,0.025,9891.169458896306,-6.0111412820366805,1.2629196175846567,9790.219068527222,-21.032094955444336,-85.92943669567467,-100.95039036908383,0.0
augmented_price,47,first_strike,0.05,9887.633997658966,-9.546602519374412,1.652462952462756,9766.576290130615,-44.67487335205078,-85.92943669567467,-121.05770752835087,0.0
augmented_price,47,last_strike,-0.05,9963.828234714749,66.64763453640694,2.6867199502015144,9861.072897911072,49.82173442840576,-85.92943669567467,-102.75533680367698,0.0
augmented_price,47,last_strike,-0.025,9929.648357428545,32.46775725020124,1.855654125797114,9835.979342460632,24.72817897796631,-85.92943669567467,-93.66901496791252,0.0
augmented_price,47,last_strike,-0.01,9909.871842589788,12.69124241144626,1.1525839843220127,9821.098446846008,9.847283363342285,-85.92943669567467,-88.77339574377947,1.7763568394002505e-15
augmented_price,47,last_strike,-0.005,9903.651450932184,6.47085075384287,0.821300882671168,9816.16735458374,4.916191101074219,-85.92943669567467,-87.48409634844393,0.0
augmented_price,47,last_strike,0.005,9891.271747959006,-5.908852219333651,0.7801067769393171,9806.349873542786,-4.901289939880371,-85.92943669567467,-84.92187441622082,0.0
augmented_price,47,last_strike,0.01,9884.508708586163,-12.671891592177086,1.1373730481290898,9801.462888717651,-9.788274765014648,-85.92943669567467,-83.0458198685119,0.0
augmented_price,47,last_strike,0.025,9865.991370369942,-31.18922980839874,1.7621097166117436,9786.892533302307,-24.358630180358887,-85.92943669567467,-79.09883706763503,0.0
augmented_price,47,last_strike,0.05,9837.171717294324,-60.00888288401868,2.3938686511676,9762.907028198242,-48.34413528442383,-85.92943669567467,-74.2646890960823,0.0
augmented_price,47,monthly_barrier,-0.05,9931.533244829425,34.35264465108329,0.630907299679341,9885.945320129395,74.69415664672852,-85.92943669567467,-45.58792470003027,0.0
augmented_price,47,monthly_barrier,-0.025,9915.98736793208,18.80676775373748,0.36203221638619826,9848.75500202179,37.503838539123535,-85.92943669567467,-67.23236591029126,0.0
augmented_price,47,monthly_barrier,-0.01,9905.105462008718,7.92486183037644,0.1790977097991615,9826.277494430542,15.026330947875977,-85.92943669567467,-78.82796757817596,0.0
augmented_price,47,monthly_barrier,-0.005,9901.191788621512,4.011188443170112,0.11021813128236534,9818.767309188843,7.516145706176758,-85.92943669567467,-82.42447943266961,0.0
augmented_price,47,monthly_barrier,0.005,9892.95964473211,-4.220955446231447,0.11321643352599461,9803.730249404907,-7.520914077758789,-85.92943669567467,-89.22939532720193,0.0
augmented_price,47,monthly_barrier,0.01,9888.629066947964,-8.551533230377297,0.18744625725298078,9796.206951141357,-15.044212341308594,-85.92943669567467,-92.4221158066066,0.0
augmented_price,47,monthly_barrier,0.025,9874.52964779592,-22.650952382420872,0.4015671459668124,9773.634672164917,-37.61649131774902,-85.92943669567467,-100.89497563100304,0.0
augmented_price,47,monthly_barrier,0.05,9847.707857842084,-49.4727423362573,0.7632607516366094,9736.098647117615,-75.15251636505127,-85.92943669567467,-111.60921072446945,0.0
augmented_price,101,base,0.0,9897.18060017834,0.0,0.0,9847.96941280365,0.0,-49.21118737469078,-49.21118737469078,0.0
augmented_price,101,coupon_regular,-0.01,9788.809660632509,-108.3709395458348,0.368962743814292,9718.430638313293,-129.53877449035645,-49.21118737469078,-70.37902231921544,0.0
augmented_price,101,coupon_regular,-0.005,9842.995130405425,-54.18546977291786,0.18448137190714434,9782.317280769348,-65.65213203430176,-49.21118737469078,-60.677849636076644,0.0
augmented_price,101,coupon_regular,-0.0025,9870.087865291882,-27.092734886458302,0.09224068595357501,9814.93592262268,-33.03349018096924,-49.21118737469078,-55.15194266920116,0.0
augmented_price,101,coupon_regular,-0.001,9886.343506223757,-10.837093954583615,0.03689627438142965,9834.708571434021,-13.260841369628906,-49.21118737469078,-51.63493478973578,0.0
augmented_price,101,coupon_regular,0.001,9908.017694132925,10.837093954583995,0.036896274381427695,9861.289262771606,13.319849967956543,-49.21118737469078,-46.728431361318144,1.7763568394002505e-15
augmented_price,101,coupon_regular,0.0025,9924.273335064798,27.09273488645873,0.09224068595357364,9881.37423992157,33.40482711791992,-49.21118737469078,-42.899095143227896,0.0
augmented_price,101,coupon_regular,0.005,9951.366069951257,54.18546977291842,0.18448137190714256,9915.0949716568,67.12555885314941,-49.21118737469078,-36.27109829445726,0.0
augmented_price,101,coupon_regular,0.01,10005.551539724176,108.3709395458364,0.3689627438142877,9983.21533203125,135.2459192276001,-49.21118737469078,-22.33620769292611,0.0
augmented_price,101,first_strike,-0.05,9922.491215155746,25.31061497740265,2.3146585689961694,9843.955039978027,-4.014372825622559,-49.21118737469078,-78.53617517771818,0.0
augmented_price,101,first_strike,-0.025,9907.829470814837,10.648870636495964,1.5383608104349455,9845.26813030243,-2.701282501220703,-49.21118737469078,-62.561340512407696,0.0
augmented_price,101,first_strike,-0.01,9900.846488382682,3.665888204340764,0.9290813217203813,9846.895933151245,-1.0734796524047852,-49.21118737469078,-53.95055523143674,0.0
augmented_price,101,first_strike,-0.005,9899.101119055422,1.9205188770812212,0.6638004458576493,9847.447276115417,-0.5221366882324219,-49.21118737469078,-51.653842940004324,0.0
augmented_price,101,first_strike,0.005,9895.549208840548,-1.6313913377956155,0.633356239119835,9848.443865776062,0.4744529724121094,-49.21118737469078,-47.10534306448608,0.0
augmented_price,101,first_strike,0.01,9894.131526020044,-3.04907415829732,0.8649370669449874,9848.854541778564,0.8851289749145508,-49.21118737469078,-45.27698424148002,0.0
augmented_price,101,first_strike,0.025,9891.169458896306,-6.0111412820366805,1.2629196175846567,9849.556684494019,1.5872716903686523,-49.21118737469078,-41.61277440228696,0.0
augmented_price,101,first_strike,0.05,9887.633997658966,-9.546602519374412,1.652462952462756,9848.338961601257,0.3695487976074219,-49.21118737469078,-39.295036057708785,0.0
augmented_price,101,last_strike,-0.05,9963.828234714749,66.64763453640694,2.6867199502015144,9898.707866668701,50.73845386505127,-49.21118737469078,-65.12036804604759,0.0
augmented_price,101,last_strike,-0.025,9929.648357428545,32.46775725020124,1.855654125797114,9871.464967727661,23.49555492401123,-49.21118737469078,-58.18338970088371,0.0
augmented_price,101,last_strike,-0.01,9909.871842589788,12.69124241144626,1.1525839843220127,9856.948852539062,8.979439735412598,-49.21118737469078,-52.922990050725275,0.0
augmented_price,101,last_strike,-0.005,9903.651450932184,6.47085075384287,0.821300882671168,9852.392077445984,4.422664642333984,-49.21118737469078,-51.259373486200275,0.0
augmented_price,101,last_strike,0.005,9891.271747959006,-5.908852219333651,0.7801067769393171,9843.676090240479,-4.293322563171387,-49.21118737469078,-47.595657718527946,0.0
augmented_price,101,last_strike,0.01,9884.508708586163,-12.671891592177086,1.1373730481290898,9839.508533477783,-8.4608793258667,-49.21118737469078,-45.00017510838006,0.0
augmented_price,101,last_strike,0.025,9865.991370369942,-31.18922980839874,1.7621097166117436,9827.716946601868,-20.252466201782227,-49.21118737469078,-38.274423768074485,0.0
augmented_price,101,last_strike,0.05,9837.171717294324,-60.00888288401868,2.3938686511676,9810.178875923157,-37.790536880493164,-49.21118737469078,-26.992841371167742,7.105427357601002e-15
augmented_price,101,monthly_barrier,-0.05,9931.533244829425,34.35264465108329,0.630907299679341,9918.774366378784,70.80495357513428,-49.21118737469078,-12.758878450640623,0.0
augmented_price,101,monthly_barrier,-0.025,9915.98736793208,18.80676775373748,0.36203221638619826,9882.44891166687,34.479498863220215,-49.21118737469078,-33.5384562652107,0.0
augmented_price,101,monthly_barrier,-0.01,9905.105462008718,7.92486183037644,0.1790977097991615,9861.48476600647,13.515353202819824,-49.21118737469078,-43.62069600224822,0.0
augmented_price,101,monthly_barrier,-0.005,9901.191788621512,4.011188443170112,0.11021813128236534,9854.676723480225,6.707310676574707,-49.21118737469078,-46.51506514128778,0.0
augmented_price,101,monthly_barrier,0.005,9892.95964473211,-4.220955446231447,0.11321643352599461,9841.370582580566,-6.598830223083496,-49.21118737469078,-51.58906215154275,0.0
augmented_price,101,monthly_barrier,0.01,9888.629066947964,-8.551533230377297,0.18744625725298078,9834.887981414795,-13.08143138885498,-49.21118737469078,-53.7410855331691,0.0
augmented_price,101,monthly_barrier,0.025,9874.52964779592,-22.650952382420872,0.4015671459668124,9816.200733184814,-31.76867961883545,-49.21118737469078,-58.328914611105574,0.0
augmented_price,101,monthly_barrier,0.05,9847.707857842084,-49.4727423362573,0.7632607516366094,9787.977933883667,-59.99147891998291,-49.21118737469078,-59.7299239584172,0.0
augmented_price,233,base,0.0,9897.18060017834,0.0,0.0,9912.927150726318,0.0,15.746550547977677,15.746550547977677,0.0
augmented_price,233,coupon_regular,-0.01,9788.809660632509,-108.3709395458348,0.368962743814292,9795.759916305542,-117.16723442077637,15.746550547977677,6.950255673033098,1.4210854715202004e-14
augmented_price,233,coupon_regular,-0.005,9842.995130405425,-54.18546977291786,0.18448137190714434,9853.370189666748,-59.55696105957031,15.746550547977677,10.375059261323258,0.0
augmented_price,233,coupon_regular,-0.0025,9870.087865291882,-27.092734886458302,0.09224068595357501,9882.923364639282,-30.003786087036133,15.746550547977677,12.8354993474004,0.0
augmented_price,233,coupon_regular,-0.001,9886.343506223757,-10.837093954583615,0.03689627438142965,9900.874495506287,-12.052655220031738,15.746550547977677,14.530989282529845,0.0
augmented_price,233,coupon_regular,0.001,9908.017694132925,10.837093954583995,0.036896274381427695,9925.044178962708,12.11702823638916,15.746550547977677,17.02648482978293,0.0
augmented_price,233,coupon_regular,0.0025,9924.273335064798,27.09273488645873,0.09224068595357364,9943.333268165588,30.40611743927002,15.746550547977677,19.05993310079066,0.0
augmented_price,233,coupon_regular,0.005,9951.366069951257,54.18546977291842,0.18448137190714256,9974.085092544556,61.157941818237305,15.746550547977677,22.719022593299087,0.0
augmented_price,233,coupon_regular,0.01,10005.551539724176,108.3709395458364,0.3689627438142877,10036.377906799316,123.45075607299805,15.746550547977677,30.826367075140297,0.0
augmented_price,233,first_strike,-0.05,9922.491215155746,25.31061497740265,2.3146585689961694,9931.920766830444,18.993616104125977,15.746550547977677,9.429551674698814,0.0
augmented_price,233,first_strike,-0.025,9907.829470814837,10.648870636495964,1.5383608104349455,9924.79383945465,11.86668872833252,15.746550547977677,16.964368639813983,0.0
augmented_price,233,first_strike,-0.01,9900.846488382682,3.665888204340764,0.9290813217203813,9918.216466903687,5.289316177368164,15.746550547977677,17.36997852100467,0.0
augmented_price,233,first_strike,-0.005,9899.101119055422,1.9205188770812212,0.6638004458576493,9915.659427642822,2.7322769165039062,15.746550547977677,16.55830858740046,0.0
augmented_price,233,first_strike,0.005,9895.549208840548,-1.6313913377956155,0.633356239119835,9910.025000572205,-2.9021501541137695,15.746550547977677,14.4757917316565,4.440892098500626e-16
augmented_price,233,first_strike,0.01,9894.131526020044,-3.04907415829732,0.8649370669449874,9906.95834159851,-5.968809127807617,15.746550547977677,12.826815578466267,0.0
augmented_price,233,first_strike,0.025,9891.169458896306,-6.0111412820366805,1.2629196175846567,9896.827936172485,-16.099214553833008,15.746550547977677,5.658477276179838,0.0
augmented_price,233,first_strike,0.05,9887.633997658966,-9.546602519374412,1.652462952462756,9877.207279205322,-35.719871520996094,15.746550547977677,-10.426718453643844,0.0
augmented_price,233,last_strike,-0.05,9963.828234714749,66.64763453640694,2.6867199502015144,9959.640502929688,46.71335220336914,15.746550547977677,-4.18773178506126,0.0
augmented_price,233,last_strike,-0.025,9929.648357428545,32.46775725020124,1.855654125797114,9936.01381778717,23.08666706085205,15.746550547977677,6.365460358625569,0.0
augmented_price,233,last_strike,-0.01,9909.871842589788,12.69124241144626,1.1525839843220127,9922.096133232117,9.16898250579834,15.746550547977677,12.224290642328924,0.0
augmented_price,233,last_strike,-0.005,9903.651450932184,6.47085075384287,0.821300882671168,9917.500615119934,4.573464393615723,15.746550547977677,13.84916418774992,0.0
augmented_price,233,last_strike,0.005,9891.271747959006,-5.908852219333651,0.7801067769393171,9908.376336097717,-4.550814628601074,15.746550547977677,17.104588138710824,0.0
augmented_price,233,last_strike,0.01,9884.508708586163,-12.671891592177086,1.1373730481290898,9903.847575187683,-9.079575538635254,15.746550547977677,19.33886660151984,0.0
augmented_price,233,last_strike,0.025,9865.991370369942,-31.18922980839874,1.7621097166117436,9890.395998954773,-22.53115177154541,15.746550547977677,24.40462858483079,0.0
augmented_price,233,last_strike,0.05,9837.171717294324,-60.00888288401868,2.3938686511676,9868.425726890564,-44.501423835754395,15.746550547977677,31.254009596239484,7.105427357601002e-15
augmented_price,233,monthly_barrier,-0.05,9931.533244829425,34.35264465108329,0.630907299679341,9974.125027656555,61.197876930236816,15.746550547977677,42.59178282713037,0.0
augmented_price,233,monthly_barrier,-0.025,9915.98736793208,18.80676775373748,0.36203221638619826,9943.769574165344,30.84242343902588,15.746550547977677,27.782206233263423,0.0
augmented_price,233,monthly_barrier,-0.01,9905.105462008718,7.92486183037644,0.1790977097991615,9925.299882888794,12.372732162475586,15.746550547977677,20.194420880075995,0.0
augmented_price,233,monthly_barrier,-0.005,9901.191788621512,4.011188443170112,0.11021813128236534,9919.11768913269,6.19053840637207,15.746550547977677,17.925900511178043,0.0
augmented_price,233,monthly_barrier,0.005,9892.95964473211,-4.220955446231447,0.11321643352599461,9906.731843948364,-6.195306777954102,15.746550547977677,13.772199216255103,0.0
augmented_price,233,monthly_barrier,0.01,9888.629066947964,-8.551533230377297,0.18744625725298078,9900.533556938171,-12.393593788146973,15.746550547977677,11.904489990207367,0.0
augmented_price,233,monthly_barrier,0.025,9874.52964779592,-22.650952382420872,0.4015671459668124,9881.948828697205,-30.97832202911377,15.746550547977677,7.419180901284562,0.0
augmented_price,233,monthly_barrier,0.05,9847.707857842084,-49.4727423362573,0.7632607516366094,9851.153492927551,-61.77365779876709,15.746550547977677,3.4456350854670745,0.0
augmented_price,ensemble,base,0.0,9897.18060017834,0.0,0.0,9857.382575670877,0.0,-39.7980245074632,-39.7980245074632,0.0
augmented_price,ensemble,coupon_regular,-0.01,9788.809660632509,-108.3709395458348,0.368962743814292,9738.773902257284,-118.60867341359382,-39.7980245074632,-50.03575837522476,0.0
augmented_price,ensemble,coupon_regular,-0.005,9842.995130405425,-54.18546977291786,0.18448137190714434,9797.159234682718,-60.22334098815918,-39.7980245074632,-45.83589572270648,0.0
augmented_price,ensemble,coupon_regular,-0.0025,9870.087865291882,-27.092734886458302,0.09224068595357501,9827.056527137756,-30.326048533121373,-39.7980245074632,-43.03133815412548,0.0
augmented_price,ensemble,coupon_regular,-0.001,9886.343506223757,-10.837093954583615,0.03689627438142965,9845.203359921774,-12.179215749104078,-39.7980245074632,-41.140146301982895,0.0
augmented_price,ensemble,coupon_regular,0.001,9908.017694132925,10.837093954583995,0.036896274381427695,9869.623184204102,12.24060853322384,-39.7980245074632,-38.39450992882303,0.0
augmented_price,ensemble,coupon_regular,0.0025,9924.273335064798,27.09273488645873,0.09224068595357364,9888.092875480652,30.710299809774135,-39.7980245074632,-36.180459584145865,3.552713678800501e-15
augmented_price,ensemble,coupon_regular,0.005,9951.366069951257,54.18546977291842,0.18448137190714256,9919.134179751078,61.751604080200195,-39.7980245074632,-32.231890200178896,7.105427357601002e-15
augmented_price,ensemble,coupon_regular,0.01,10005.551539724176,108.3709395458364,0.3689627438142877,9981.968402862549,124.5858271916711,-39.7980245074632,-23.58313686162728,0.0
augmented_price,ensemble,first_strike,-0.05,9922.491215155746,25.31061497740265,2.3146585689961694,9872.705340385437,15.32276471455929,-39.7980245074632,-49.78587477030851,0.0
augmented_price,ensemble,first_strike,-0.025,9907.829470814837,10.648870636495964,1.5383608104349455,9866.296450297037,8.913874626159668,-39.7980245074632,-41.53302051779974,0.0
augmented_price,ensemble,first_strike,-0.01,9900.846488382682,3.665888204340764,0.9290813217203813,9861.284295717875,3.9017200469970703,-39.7980245074632,-39.5621926648073,0.0
augmented_price,ensemble,first_strike,-0.005,9899.101119055422,1.9205188770812212,0.6638004458576493,9859.391649564108,2.009073893229907,-39.7980245074632,-39.70946949131394,0.0
augmented_price,ensemble,first_strike,0.005,9895.549208840548,-1.6313913377956155,0.633356239119835,9855.254689852396,-2.1278858184814453,-39.7980245074632,-40.29451898815205,0.0
augmented_price,ensemble,first_strike,0.01,9894.131526020044,-3.04907415829732,0.8649370669449874,9853.006800015768,-4.375775655109937,-39.7980245074632,-41.124726004276454,0.0
augmented_price,ensemble,first_strike,0.025,9891.169458896306,-6.0111412820366805,1.2629196175846567,9845.534563064575,-11.848012606302527,-39.7980245074632,-45.63489583173032,1.7763568394002505e-15
augmented_price,ensemble,first_strike,0.05,9887.633997658966,-9.546602519374412,1.652462952462756,9830.707510312399,-26.675065358479078,-39.7980245074632,-56.92648734656723,3.552713678800501e-15
augmented_price,ensemble,last_strike,-0.05,9963.828234714749,66.64763453640694,2.6867199502015144,9906.473755836487,49.091180165609096,-39.7980245074632,-57.35447887826194,0.0
augmented_price,ensemble,last_strike,-0.025,9929.648357428545,32.46775725020124,1.855654125797114,9881.152709325155,23.77013365427727,-39.7980245074632,-48.49564810338961,0.0
augmented_price,ensemble,last_strike,-0.01,9909.871842589788,12.69124241144626,1.1525839843220127,9866.714477539062,9.331901868184778,-39.7980245074632,-43.157365050725275,0.0
augmented_price,ensemble,last_strike,-0.005,9903.651450932184,6.47085075384287,0.821300882671168,9862.020015716553,4.637440045675012,-39.7980245074632,-41.63143521563143,0.0
augmented_price,ensemble,last_strike,0.005,9891.271747959006,-5.908852219333651,0.7801067769393171,9852.800766626993,-4.581809043884277,-39.7980245074632,-38.47098133201325,0.0
augmented_price,ensemble,last_strike,0.01,9884.508708586163,-12.671891592177086,1.1373730481290898,9848.272999127706,-9.10957654317146,-39.7980245074632,-36.23570945845677,0.0
augmented_price,ensemble,last_strike,0.025,9865.991370369942,-31.18922980839874,1.7621097166117436,9835.001826286316,-22.380749384561803,-39.7980245074632,-30.989544083626242,0.0
augmented_price,ensemble,last_strike,0.05,9837.171717294324,-60.00888288401868,2.3938686511676,9813.83721033732,-43.54536533355713,-39.7980245074632,-23.334506957004123,0.0
augmented_price,ensemble,monthly_barrier,-0.05,9931.533244829425,34.35264465108329,0.630907299679341,9926.281571388245,68.8989957173669,-39.7980245074632,-5.2516734411801735,0.0
augmented_price,ensemble,monthly_barrier,-0.025,9915.98736793208,18.80676775373748,0.36203221638619826,9891.657829284668,34.27525361379025,-39.7980245074632,-24.329538647412846,0.0
augmented_price,ensemble,monthly_barrier,-0.01,9905.105462008718,7.92486183037644,0.1790977097991615,9871.020714441935,13.638138771057129,-39.7980245074632,-34.084747566783335,1.7763568394002505e-15
augmented_price,ensemble,monthly_barrier,-0.005,9901.191788621512,4.011188443170112,0.11021813128236534,9864.187240600586,6.804664929708215,-39.7980245074632,-37.00454802092645,0.0
augmented_price,ensemble,monthly_barrier,0.005,9892.95964473211,-4.220955446231447,0.11321643352599461,9850.610891977945,-6.771683692932129,-39.7980245074632,-42.3487527541638,0.0
augmented_price,ensemble,monthly_barrier,0.01,9888.629066947964,-8.551533230377297,0.18744625725298078,9843.876163164774,-13.506412506103516,-39.7980245074632,-44.75290378319005,0.0
augmented_price,ensemble,monthly_barrier,0.025,9874.52964779592,-22.650952382420872,0.4015671459668124,9823.928078015646,-33.454497655232004,-39.7980245074632,-50.601569780274076,0.0
augmented_price,ensemble,monthly_barrier,0.05,9847.707857842084,-49.4727423362573,0.7632607516366094,9791.743357976278,-65.63921769459968,-39.7980245074632,-55.96449986580592,0.0
augmented_delta,47,base,0.0,9897.18060017834,0.0,0.0,9751.929640769958,0.0,-145.2509594083822,-145.2509594083822,0.0
augmented_delta,47,coupon_regular,-0.01,9788.809660632509,-108.3709395458348,0.368962743814292,9661.254286766052,-90.67535400390625,-145.2509594083822,-127.55537386645665,1.4210854715202004e-14
augmented_delta,47,coupon_regular,-0.005,9842.995130405425,-54.18546977291786,0.18448137190714434,9706.559777259827,-45.369863510131836,-145.2509594083822,-136.43535314559813,7.105427357601002e-15
augmented_delta,47,coupon_regular,-0.0025,9870.087865291882,-27.092734886458302,0.09224068595357501,9729.220867156982,-22.708773612976074,-145.2509594083822,-140.8669981348994,3.552713678800501e-15
augmented_delta,47,coupon_regular,-0.001,9886.343506223757,-10.837093954583615,0.03689627438142965,9742.838144302368,-9.091496467590332,-145.2509594083822,-143.5053619213886,0.0
augmented_delta,47,coupon_regular,0.001,9908.017694132925,10.837093954583995,0.036896274381427695,9761.033058166504,9.10341739654541,-145.2509594083822,-146.98463596642068,0.0
augmented_delta,47,coupon_regular,0.0025,9924.273335064798,27.09273488645873,0.09224068595357364,9774.715900421143,22.786259651184082,-145.2509594083822,-149.55743464365514,3.552713678800501e-15
augmented_delta,47,coupon_regular,0.005,9951.366069951257,54.18546977291842,0.18448137190714256,9797.607064247131,45.67742347717285,-145.2509594083822,-153.75900570412523,0.0
augmented_delta,47,coupon_regular,0.01,10005.551539724176,108.3709395458364,0.3689627438142877,9843.791723251343,91.86208248138428,-145.2509594083822,-161.75981647283334,0.0
augmented_delta,47,first_strike,-0.05,9922.491215155746,25.31061497740265,2.3146585689961694,9766.767024993896,14.837384223937988,-145.2509594083822,-155.72419016184904,0.0
augmented_delta,47,first_strike,-0.025,9907.829470814837,10.648870636495964,1.5383608104349455,9755.97858428955,4.048943519592285,-145.2509594083822,-151.8508865252861,0.0
augmented_delta,47,first_strike,-0.01,9900.846488382682,3.665888204340764,0.9290813217203813,9752.805233001709,0.8755922317504883,-145.2509594083822,-148.04125538097287,0.0
augmented_delta,47,first_strike,-0.005,9899.101119055422,1.9205188770812212,0.6638004458576493,9752.249717712402,0.32007694244384766,-145.2509594083822,-146.85140134301946,5.551115123125783e-17
augmented_delta,47,first_strike,0.005,9895.549208840548,-1.6313913377956155,0.633356239119835,9751.836061477661,-0.09357929229736328,-145.2509594083822,-143.71314736288696,8.326672684688674e-17
augmented_delta,47,first_strike,0.01,9894.131526020044,-3.04907415829732,0.8649370669449874,9751.957654953003,0.028014183044433594,-145.2509594083822,-142.17387106704155,9.367506770274758e-17
augmented_delta,47,first_strike,0.025,9891.169458896306,-6.0111412820366805,1.2629196175846567,9753.504991531372,1.5753507614135742,-145.2509594083822,-137.66446736493344,0.0
augmented_delta,47,first_strike,0.05,9887.633997658966,-9.546602519374412,1.652462952462756,9759.271144866943,7.341504096984863,-145.2509594083822,-128.36285279202275,0.0
augmented_delta,47,last_strike,-0.05,9963.828234714749,66.64763453640694,2.6867199502015144,9837.880730628967,85.95108985900879,-145.2509594083822,-125.94750408578147,0.0
augmented_delta,47,last_strike,-0.025,9929.648357428545,32.46775725020124,1.855654125797114,9792.506694793701,40.577054023742676,-145.2509594083822,-137.14166263484367,7.105427357601002e-15
augmented_delta,47,last_strike,-0.01,9909.871842589788,12.69124241144626,1.1525839843220127,9767.529964447021,15.600323677062988,-145.2509594083822,-142.3418781427663,0.0
augmented_delta,47,last_strike,-0.005,9903.651450932184,6.47085075384287,0.821300882671168,9759.620428085327,7.690787315368652,-145.2509594083822,-144.031022846857,0.0
augmented_delta,47,last_strike,0.005,9891.271747959006,-5.908852219333651,0.7801067769393171,9744.46415901184,-7.465481758117676,-145.2509594083822,-146.80758894716564,0.0
augmented_delta,47,last_strike,0.01,9884.508708586163,-12.671891592177086,1.1373730481290898,9737.229943275452,-14.699697494506836,-145.2509594083822,-147.2787653107116,0.0
augmented_delta,47,last_strike,0.025,9865.991370369942,-31.18922980839874,1.7621097166117436,9716.97211265564,-34.95752811431885,-145.2509594083822,-149.0192577143025,0.0
augmented_delta,47,last_strike,0.05,9837.171717294324,-60.00888288401868,2.3938686511676,9688.296914100647,-63.63272666931152,-145.2509594083822,-148.8748031936775,0.0
augmented_delta,47,monthly_barrier,-0.05,9931.533244829425,34.35264465108329,0.630907299679341,9805.643558502197,53.71391773223877,-145.2509594083822,-125.88968632722754,0.0
augmented_delta,47,monthly_barrier,-0.025,9915.98736793208,18.80676775373748,0.36203221638619826,9779.133200645447,27.20355987548828,-145.2509594083822,-136.85416728663404,0.0
augmented_delta,47,monthly_barrier,-0.01,9905.105462008718,7.92486183037644,0.1790977097991615,9762.884378433228,10.954737663269043,-145.2509594083822,-142.2210835754904,1.7763568394002505e-15
augmented_delta,47,monthly_barrier,-0.005,9901.191788621512,4.011188443170112,0.11021813128236534,9757.418036460876,5.488395690917969,-145.2509594083822,-143.77375216063592,0.0
augmented_delta,47,monthly_barrier,0.005,9892.95964473211,-4.220955446231447,0.11321643352599461,9746.419787406921,-5.509853363037109,-145.2509594083822,-146.53985732518777,0.0
augmented_delta,47,monthly_barrier,0.01,9888.629066947964,-8.551533230377297,0.18744625725298078,9740.890264511108,-11.039376258850098,-145.2509594083822,-147.73880243685562,0.0
augmented_delta,47,monthly_barrier,0.025,9874.52964779592,-22.650952382420872,0.4015671459668124,9724.195003509521,-27.73463726043701,-145.2509594083822,-150.33464428639854,0.0
augmented_delta,47,monthly_barrier,0.05,9847.707857842084,-49.4727423362573,0.7632607516366094,9696.094989776611,-55.83465099334717,-145.2509594083822,-151.61286806547287,0.0
augmented_delta,101,base,0.0,9897.18060017834,0.0,0.0,9797.626733779907,0.0,-99.55386639843346,-99.55386639843346,0.0
augmented_delta,101,coupon_regular,-0.01,9788.809660632509,-108.3709395458348,0.368962743814292,9669.39389705658,-128.23283672332764,-99.55386639843346,-119.4157635759293,0.0
augmented_delta,101,coupon_regular,-0.005,9842.995130405425,-54.18546977291786,0.18448137190714434,9732.818007469177,-64.80872631072998,-99.55386639843346,-110.17712293624754,0.0
augmented_delta,101,coupon_regular,-0.0025,9870.087865291882,-27.092734886458302,0.09224068595357501,9765.06233215332,-32.564401626586914,-99.55386639843346,-105.02553313856151,0.0
augmented_delta,101,coupon_regular,-0.001,9886.343506223757,-10.837093954583615,0.03689627438142965,9784.56437587738,-13.062357902526855,-99.55386639843346,-101.7791303463764,0.0
augmented_delta,101,coupon_regular,0.001,9908.017694132925,10.837093954583995,0.036896274381427695,9810.734987258911,13.108253479003906,-99.55386639843346,-97.28270687401346,0.0
augmented_delta,101,coupon_regular,0.0025,9924.273335064798,27.09273488645873,0.09224068595357364,9830.47604560852,32.84931182861328,-99.55386639843346,-93.79728945627721,0.0
augmented_delta,101,coupon_regular,0.005,9951.366069951257,54.18546977291842,0.18448137190714256,9863.56496810913,65.93823432922363,-99.55386639843346,-87.80110184212572,0.0
augmented_delta,101,coupon_regular,0.01,10005.551539724176,108.3709395458364,0.3689627438142877,9930.24468421936,132.61795043945312,-99.55386639843346,-75.30685550481576,0.0
augmented_delta,101,first_strike,-0.05,9922.491215155746,25.31061497740265,2.3146585689961694,9803.716540336609,6.08980655670166,-99.55386639843346,-118.77467481913664,0.0
augmented_delta,101,first_strike,-0.025,9907.829470814837,10.648870636495964,1.5383608104349455,9796.772599220276,-0.8541345596313477,-99.55386639843346,-111.05687159456102,0.0
augmented_delta,101,first_strike,-0.01,9900.846488382682,3.665888204340764,0.9290813217203813,9796.36549949646,-1.2612342834472656,-99.55386639843346,-104.4809888862219,0.0
augmented_delta,101,first_strike,-0.005,9899.101119055422,1.9205188770812212,0.6638004458576493,9796.846508979797,-0.7802248001098633,-99.55386639843346,-102.25461007562444,0.0
augmented_delta,101,first_strike,0.005,9895.549208840548,-1.6313913377956155,0.633356239119835,9798.699021339417,1.0722875595092773,-99.55386639843346,-96.85018750113159,2.220446049250313e-16
augmented_delta,101,first_strike,0.01,9894.131526020044,-3.04907415829732,0.8649370669449874,9800.054430961609,2.42769718170166,-99.55386639843346,-94.07709505843559,0.0
augmented_delta,101,first_strike,0.025,9891.169458896306,-6.0111412820366805,1.2629196175846567,9805.70912361145,8.082389831542969,-99.55386639843346,-85.46033528485532,0.0
augmented_delta,101,first_strike,0.05,9887.633997658966,-9.546602519374412,1.652462952462756,9819.579124450684,21.952390670776367,-99.55386639843346,-68.05487320828252,0.0
augmented_delta,101,last_strike,-0.05,9963.828234714749,66.64763453640694,2.6867199502015144,9851.605296134949,53.978562355041504,-99.55386639843346,-112.22293857980003,0.0
augmented_delta,101,last_strike,-0.025,9929.648357428545,32.46775725020124,1.855654125797114,9823.07255268097,25.44581890106201,-99.55386639843346,-106.5758047475756,0.0
augmented_delta,101,last_strike,-0.01,9909.871842589788,12.69124241144626,1.1525839843220127,9807.43944644928,9.812712669372559,-99.55386639843346,-102.43239614050799,1.7763568394002505e-15
augmented_delta,101,last_strike,-0.005,9903.651450932184,6.47085075384287,0.821300882671168,9802.472591400146,4.845857620239258,-99.55386639843346,-101.17885953203768,0.0
augmented_delta,101,last_strike,0.005,9891.271747959006,-5.908852219333651,0.7801067769393171,9792.900085449219,-4.726648330688477,-99.55386639843346,-98.37166250978771,0.0
augmented_delta,101,last_strike,0.01,9884.508708586163,-12.671891592177086,1.1373730481290898,9788.291454315186,-9.33527946472168,-99.55386639843346,-96.21725427097772,0.0
augmented_delta,101,last_strike,0.025,9865.991370369942,-31.18922980839874,1.7621097166117436,9775.158762931824,-22.467970848083496,-99.55386639843346,-90.83260743811843,0.0
augmented_delta,101,last_strike,0.05,9837.171717294324,-60.00888288401868,2.3938686511676,9755.474328994751,-42.15240478515625,-99.55386639843346,-81.6973882995735,0.0
augmented_delta,101,monthly_barrier,-0.05,9931.533244829425,34.35264465108329,0.630907299679341,9861.44244670868,63.81571292877197,-99.55386639843346,-70.0907981207456,0.0
augmented_delta,101,monthly_barrier,-0.025,9915.98736793208,18.80676775373748,0.36203221638619826,9829.506278038025,31.879544258117676,-99.55386639843346,-86.48108989405591,3.552713678800501e-15
augmented_delta,101,monthly_barrier,-0.01,9905.105462008718,7.92486183037644,0.1790977097991615,9810.361862182617,12.735128402709961,-99.55386639843346,-94.74359982610076,1.7763568394002505e-15
augmented_delta,101,monthly_barrier,-0.005,9901.191788621512,4.011188443170112,0.11021813128236534,9803.990721702576,6.363987922668457,-99.55386639843346,-97.2010669189367,0.0
augmented_delta,101,monthly_barrier,0.005,9892.95964473211,-4.220955446231447,0.11321643352599461,9791.271090507507,-6.355643272399902,-99.55386639843346,-101.68855422460183,0.0
augmented_delta,101,monthly_barrier,0.01,9888.629066947964,-8.551533230377297,0.18744625725298078,9784.924983978271,-12.701749801635742,-99.55386639843346,-103.70408296969254,0.0
augmented_delta,101,monthly_barrier,0.025,9874.52964779592,-22.650952382420872,0.4015671459668124,9765.954613685608,-31.672120094299316,-99.55386639843346,-108.57503411031212,3.552713678800501e-15
augmented_delta,101,monthly_barrier,0.05,9847.707857842084,-49.4727423362573,0.7632607516366094,9734.62700843811,-62.999725341796875,-99.55386639843346,-113.08084940397384,7.105427357601002e-15
augmented_delta,233,base,0.0,9897.18060017834,0.0,0.0,9707.09204673767,0.0,-190.08855344066978,-190.08855344066978,0.0
augmented_delta,233,coupon_regular,-0.01,9788.809660632509,-108.3709395458348,0.368962743814292,9601.876735687256,-105.21531105041504,-190.08855344066978,-186.93292494525303,0.0
augmented_delta,233,coupon_regular,-0.005,9842.995130405425,-54.18546977291786,0.18448137190714434,9654.022455215454,-53.0695915222168,-190.08855344066978,-188.9726751899707,0.0
augmented_delta,233,coupon_regular,-0.0025,9870.087865291882,-27.092734886458302,0.09224068595357501,9680.460691452026,-26.63135528564453,-190.08855344066978,-189.62717383985546,0.0
augmented_delta,233,coupon_regular,-0.001,9886.343506223757,-10.837093954583615,0.03689627438142965,9696.418642997742,-10.6734037399292,-190.08855344066978,-189.92486322601508,0.0
augmented_delta,233,coupon_regular,0.001,9908.017694132925,10.837093954583995,0.036896274381427695,9717.78929233551,10.697245597839355,-190.08855344066978,-190.22840179741434,0.0
augmented_delta,233,coupon_regular,0.0025,9924.273335064798,27.09273488645873,0.09224068595357364,9733.874201774597,26.78215503692627,-190.08855344066978,-190.39913329020055,0.0
augmented_delta,233,coupon_regular,0.005,9951.366069951257,54.18546977291842,0.18448137190714256,9760.76066493988,53.66861820220947,-190.08855344066978,-190.6054050113762,0.0
augmented_delta,233,coupon_regular,0.01,10005.551539724176,108.3709395458364,0.3689627438142877,9814.634919166565,107.54287242889404,-190.08855344066978,-190.91662055761117,0.0
augmented_delta,233,first_strike,-0.05,9922.491215155746,25.31061497740265,2.3146585689961694,9701.336026191711,-5.756020545959473,-190.08855344066978,-221.1551889640341,0.0
augmented_delta,233,first_strike,-0.025,9907.829470814837,10.648870636495964,1.5383608104349455,9704.280495643616,-2.811551094055176,-190.08855344066978,-203.54897517122117,0.0
augmented_delta,233,first_strike,-0.01,9900.846488382682,3.665888204340764,0.9290813217203813,9706.103205680847,-0.9888410568237305,-190.08855344066978,-194.7432827018347,1.1102230246251565e-16
augmented_delta,233,first_strike,-0.005,9899.101119055422,1.9205188770812212,0.6638004458576493,9706.629514694214,-0.46253204345703125,-190.08855344066978,-192.47160436120794,5.551115123125783e-17
augmented_delta,233,first_strike,0.005,9895.549208840548,-1.6313913377956155,0.633356239119835,9707.480669021606,0.3886222839355469,-190.08855344066978,-188.06853981894164,0.0
augmented_delta,233,first_strike,0.01,9894.131526020044,-3.04907415829732,0.8649370669449874,9707.784056663513,0.6920099258422852,-190.08855344066978,-186.3474693565313,0.0
augmented_delta,233,first_strike,0.025,9891.169458896306,-6.0111412820366805,1.2629196175846567,9708.091616630554,0.9995698928833008,-190.08855344066978,-183.07784226575131,0.0
augmented_delta,233,first_strike,0.05,9887.633997658966,-9.546602519374412,1.652462952462756,9706.180095672607,-0.9119510650634766,-190.08855344066978,-181.4539019863587,0.0
augmented_delta,233,last_strike,-0.05,9963.828234714749,66.64763453640694,2.6867199502015144,9751.350283622742,44.2582368850708,-190.08855344066978,-212.47795109200706,0.0
augmented_delta,233,last_strike,-0.025,9929.648357428545,32.46775725020124,1.855654125797114,9727.685451507568,20.59340476989746,-190.08855344066978,-201.96290592097648,0.0
augmented_delta,233,last_strike,-0.01,9909.871842589788,12.69124241144626,1.1525839843220127,9714.968800544739,7.876753807067871,-190.08855344066978,-194.903042045049,0.0
augmented_delta,233,last_strike,-0.005,9903.651450932184,6.47085075384287,0.821300882671168,9710.971117019653,3.879070281982422,-190.08855344066978,-192.68033391253084,0.0
augmented_delta,233,last_strike,0.005,9891.271747959006,-5.908852219333651,0.7801067769393171,9703.329801559448,-3.7622451782226562,-190.08855344066978,-187.94194639955822,4.440892098500626e-16
augmented_delta,233,last_strike,0.01,9884.508708586163,-12.671891592177086,1.1373730481290898,9699.68318939209,-7.408857345581055,-190.08855344066978,-184.82551919407342,0.0
augmented_delta,233,last_strike,0.025,9865.991370369942,-31.18922980839874,1.7621097166117436,9689.421653747559,-17.670392990112305,-190.08855344066978,-176.56971662238357,0.0
augmented_delta,233,last_strike,0.05,9837.171717294324,-60.00888288401868,2.3938686511676,9674.47578907013,-32.616257667541504,-190.08855344066978,-162.6959282241951,0.0
augmented_delta,233,monthly_barrier,-0.05,9931.533244829425,34.35264465108329,0.630907299679341,9760.339856147766,53.247809410095215,-190.08855344066978,-171.1933886816587,0.0
augmented_delta,233,monthly_barrier,-0.025,9915.98736793208,18.80676775373748,0.36203221638619826,9734.751582145691,27.65953540802002,-190.08855344066978,-181.2357857863899,0.0
augmented_delta,233,monthly_barrier,-0.01,9905.105462008718,7.92486183037644,0.1790977097991615,9718.400835990906,11.308789253234863,-190.08855344066978,-186.7046260178122,0.0
augmented_delta,233,monthly_barrier,-0.005,9901.191788621512,4.011188443170112,0.11021813128236534,9712.786674499512,5.69462776184082,-190.08855344066978,-188.40511412200067,0.0
augmented_delta,233,monthly_barrier,0.005,9892.95964473211,-4.220955446231447,0.11321643352599461,9701.318144798279,-5.77390193939209,-190.08855344066978,-191.64149993383035,0.0
augmented_delta,233,monthly_barrier,0.01,9888.629066947964,-8.551533230377297,0.18744625725298078,9695.465564727783,-11.626482009887695,-190.08855344066978,-193.16350222018082,0.0
augmented_delta,233,monthly_barrier,0.025,9874.52964779592,-22.650952382420872,0.4015671459668124,9677.450060844421,-29.64198589324951,-190.08855344066978,-197.07958695149864,0.0
augmented_delta,233,monthly_barrier,0.05,9847.707857842084,-49.4727423362573,0.7632607516366094,9646.000266075134,-61.09178066253662,-190.08855344066978,-201.70759176694992,0.0
augmented_delta,ensemble,base,0.0,9897.18060017834,0.0,0.0,9752.216140429178,0.0,-144.96445974916242,-144.96445974916242,0.0
augmented_delta,ensemble,coupon_regular,-0.01,9788.809660632509,-108.3709395458348,0.368962743814292,9644.174973169962,-108.04116725921631,-144.96445974916242,-144.63468746254694,1.4210854715202004e-14
augmented_delta,ensemble,coupon_regular,-0.005,9842.995130405425,-54.18546977291786,0.18448137190714434,9697.800079981485,-54.41606044769287,-144.96445974916242,-145.1950504239394,0.0
augmented_delta,ensemble,coupon_regular,-0.0025,9870.087865291882,-27.092734886458302,0.09224068595357501,9724.91463025411,-27.301510175068433,-144.96445974916242,-145.17323503777152,3.552713678800501e-15
augmented_delta,ensemble,coupon_regular,-0.001,9886.343506223757,-10.837093954583615,0.03689627438142965,9741.273721059164,-10.942419370014722,-144.96445974916242,-145.06978516459276,0.0
augmented_delta,ensemble,coupon_regular,0.001,9908.017694132925,10.837093954583995,0.036896274381427695,9763.185779253641,10.96963882446289,-144.96445974916242,-144.83191487928343,0.0
augmented_delta,ensemble,coupon_regular,0.0025,9924.273335064798,27.09273488645873,0.09224068595357364,9779.688715934753,27.472575505574916,-144.96445974916242,-144.5846191300443,3.552713678800501e-15
augmented_delta,ensemble,coupon_regular,0.005,9951.366069951257,54.18546977291842,0.18448137190714256,9807.310899098715,55.09475866953606,-144.96445974916242,-144.05517085254178,0.0
augmented_delta,ensemble,coupon_regular,0.01,10005.551539724176,108.3709395458364,0.3689627438142877,9862.890442212423,110.67430178324456,-144.96445974916242,-142.6610975117528,0.0
augmented_delta,ensemble,first_strike,-0.05,9922.491215155746,25.31061497740265,2.3146585689961694,9757.273197174072,5.057056744893762,-144.96445974916242,-165.21801798167326,0.0
augmented_delta,ensemble,first_strike,-0.025,9907.829470814837,10.648870636495964,1.5383608104349455,9752.343893051147,0.12775262196895731,-144.96445974916242,-155.48557776368943,2.7755575615628914e-17
augmented_delta,ensemble,first_strike,-0.01,9900.846488382682,3.665888204340764,0.9290813217203813,9751.757979393005,-0.45816103617313253,-144.96445974916242,-149.08850898967648,5.551115123125783e-17
augmented_delta,ensemble,first_strike,-0.005,9899.101119055422,1.9205188770812212,0.6638004458576493,9751.908580462137,-0.3075599670410156,-144.96445974916242,-147.19253859328455,0.0
augmented_delta,ensemble,first_strike,0.005,9895.549208840548,-1.6313913377956155,0.633356239119835,9752.671917279562,0.45577685038322713,-144.96445974916242,-142.87729156098612,5.551115123125783e-17
augmented_delta,ensemble,first_strike,0.01,9894.131526020044,-3.04907415829732,0.8649370669449874,9753.265380859375,1.0492404301964964,-144.96445974916242,-140.86614516066948,0.0
augmented_delta,ensemble,first_strike,0.025,9891.169458896306,-6.0111412820366805,1.2629196175846567,9755.768577257792,3.5524368286132812,-144.96445974916242,-135.40088163851397,4.440892098500626e-16
augmented_delta,ensemble,first_strike,0.05,9887.633997658966,-9.546602519374412,1.652462952462756,9761.676788330078,9.460647900899621,-144.96445974916242,-125.95720932888798,1.7763568394002505e-15
augmented_delta,ensemble,last_strike,-0.05,9963.828234714749,66.64763453640694,2.6867199502015144,9813.61210346222,61.395963033040736,-144.96445974916242,-150.21613125252952,0.0
augmented_delta,ensemble,last_strike,-0.025,9929.648357428545,32.46775725020124,1.855654125797114,9781.08823299408,28.872092564901088,-144.96445974916242,-148.56012443446525,0.0
augmented_delta,ensemble,last_strike,-0.01,9909.871842589788,12.69124241144626,1.1525839843220127,9763.312737147013,11.096596717834473,-144.96445974916242,-146.55910544277504,0.0
augmented_delta,ensemble,last_strike,-0.005,9903.651450932184,6.47085075384287,0.821300882671168,9757.688045501709,5.471905072530481,-144.96445974916242,-145.96340543047518,0.0
augmented_delta,ensemble,last_strike,0.005,9891.271747959006,-5.908852219333651,0.7801067769393171,9746.89801534017,-5.318125089008863,-144.96445974916242,-144.37373261883658,0.0
augmented_delta,ensemble,last_strike,0.01,9884.508708586163,-12.671891592177086,1.1373730481290898,9741.734862327576,-10.48127810160282,-144.96445974916242,-142.77384625858758,0.0
augmented_delta,ensemble,last_strike,0.025,9865.991370369942,-31.18922980839874,1.7621097166117436,9727.184176445007,-25.031963984171178,-144.96445974916242,-138.80719392493484,0.0
augmented_delta,ensemble,last_strike,0.05,9837.171717294324,-60.00888288401868,2.3938686511676,9706.082344055176,-46.13379637400272,-144.96445974916242,-131.0893732391487,0.0
augmented_delta,ensemble,monthly_barrier,-0.05,9931.533244829425,34.35264465108329,0.630907299679341,9809.141953786215,56.92581335703606,-144.96445974916242,-122.39129104321,0.0
augmented_delta,ensemble,monthly_barrier,-0.025,9915.98736793208,18.80676775373748,0.36203221638619826,9781.13035360972,28.914213180541992,-144.96445974916242,-134.85701432236056,0.0
augmented_delta,ensemble,monthly_barrier,-0.01,9905.105462008718,7.92486183037644,0.1790977097991615,9763.882358868917,11.666218439738696,-144.96445974916242,-141.22310313980051,0.0
augmented_delta,ensemble,monthly_barrier,-0.005,9901.191788621512,4.011188443170112,0.11021813128236534,9758.065144220987,5.849003791809082,-144.96445974916242,-143.12664440052504,0.0
augmented_delta,ensemble,monthly_barrier,0.005,9892.95964473211,-4.220955446231447,0.11321643352599461,9746.336340904236,-5.879799524942664,-144.96445974916242,-146.62330382787331,0.0
augmented_delta,ensemble,monthly_barrier,0.01,9888.629066947964,-8.551533230377297,0.18744625725298078,9740.426937739054,-11.789202690124512,-144.96445974916242,-148.20212920891026,0.0
augmented_delta,ensemble,monthly_barrier,0.025,9874.52964779592,-22.650952382420872,0.4015671459668124,9722.533226013184,-29.682914415994908,-144.96445974916242,-151.99642178273643,0.0
augmented_delta,ensemble,monthly_barrier,0.05,9847.707857842084,-49.4727423362573,0.7632607516366094,9692.240754763285,-59.975385665893555,-144.96445974916242,-155.46710307879948,7.105427357601002e-15
affine_coupon_delta,47,base,0.0,9897.18060017834,0.0,0.0,9781.463742256165,0.0,-115.71685792217613,-115.71685792217613,0.0
affine_coupon_delta,47,coupon_regular,-0.01,9788.809660632509,-108.3709395458348,0.368962743814292,9684.163928031921,-97.29981422424316,-115.71685792217613,-104.64573260058751,0.0
affine_coupon_delta,47,coupon_regular,-0.005,9842.995130405425,-54.18546977291786,0.18448137190714434,9732.813835144043,-48.64990711212158,-115.71685792217613,-110.18129526138182,0.0
affine_coupon_delta,47,coupon_regular,-0.0025,9870.087865291882,-27.092734886458302,0.09224068595357501,9757.13849067688,-24.325251579284668,-115.71685792217613,-112.94937461500194,0.0
affine_coupon_delta,47,coupon_regular,-0.001,9886.343506223757,-10.837093954583615,0.03689627438142965,9771.73388004303,-9.729862213134766,-115.71685792217613,-114.60962618072699,0.0
affine_coupon_delta,47,coupon_regular,0.001,9908.017694132925,10.837093954583995,0.036896274381427695,9791.1936044693,9.729862213134766,-115.71685792217613,-116.82408966362527,0.0
affine_coupon_delta,47,coupon_regular,0.0025,9924.273335064798,27.09273488645873,0.09224068595357364,9805.78899383545,24.325251579284668,-115.71685792217613,-118.4843412293485,0.0
affine_coupon_delta,47,coupon_regular,0.005,9951.366069951257,54.18546977291842,0.18448137190714256,9830.113649368286,48.64990711212158,-115.71685792217613,-121.25242058297044,0.0
affine_coupon_delta,47,coupon_regular,0.01,10005.551539724176,108.3709395458364,0.3689627438142877,9878.764152526855,97.30041027069092,-115.71685792217613,-126.78738719732064,0.0
affine_coupon_delta,47,first_strike,-0.05,9922.491215155746,25.31061497740265,2.3146585689961694,9793.124794960022,11.661052703857422,-115.71685792217613,-129.36642019572355,0.0
affine_coupon_delta,47,first_strike,-0.025,9907.829470814837,10.648870636495964,1.5383608104349455,9783.008098602295,1.544356346130371,-115.71685792217613,-124.82137221254197,0.0
affine_coupon_delta,47,first_strike,-0.01,9900.846488382682,3.665888204340764,0.9290813217203813,9781.173467636108,-0.29027462005615234,-115.71685792217613,-119.67302074657346,5.551115123125783e-17
affine_coupon_delta,47,first_strike,-0.005,9899.101119055422,1.9205188770812212,0.6638004458576493,9781.177639961243,-0.286102294921875,-115.71685792217613,-117.92347909417913,0.0
affine_coupon_delta,47,first_strike,0.005,9895.549208840548,-1.6313913377956155,0.633356239119835,9782.01687335968,0.553131103515625,-115.71685792217613,-113.53233548086791,0.0
affine_coupon_delta,47,first_strike,0.01,9894.131526020044,-3.04907415829732,0.8649370669449874,9782.8209400177,1.3571977615356445,-115.71685792217613,-111.31058600234428,2.220446049250313e-16
affine_coupon_delta,47,first_strike,0.025,9891.169458896306,-6.0111412820366805,1.2629196175846567,9786.597490310669,5.1337480545043945,-115.71685792217613,-104.57196858563657,0.0
affine_coupon_delta,47,first_strike,0.05,9887.633997658966,-9.546602519374412,1.652462952462756,9796.593189239502,15.129446983337402,-115.71685792217613,-91.04080841946416,0.0
affine_coupon_delta,47,last_strike,-0.05,9963.828234714749,66.64763453640694,2.6867199502015144,9869.0265417099,87.56279945373535,-115.71685792217613,-94.80169300484886,0.0
affine_coupon_delta,47,last_strike,-0.025,9929.648357428545,32.46775725020124,1.855654125797114,9823.549389839172,42.08564758300781,-115.71685792217613,-106.09896758937248,0.0
affine_coupon_delta,47,last_strike,-0.01,9909.871842589788,12.69124241144626,1.1525839843220127,9797.831177711487,16.367435455322266,-115.71685792217613,-112.04066487830096,0.0
affine_coupon_delta,47,last_strike,-0.005,9903.651450932184,6.47085075384287,0.821300882671168,9789.564609527588,8.10086727142334,-115.71685792217613,-114.08684140459627,0.0
affine_coupon_delta,47,last_strike,0.005,9891.271747959006,-5.908852219333651,0.7801067769393171,9773.53572845459,-7.928013801574707,-115.71685792217613,-117.73601950441662,0.0
affine_coupon_delta,47,last_strike,0.01,9884.508708586163,-12.671891592177086,1.1373730481290898,9765.788316726685,-15.67542552947998,-115.71685792217613,-118.7203918594787,0.0
affine_coupon_delta,47,last_strike,0.025,9865.991370369942,-31.18922980839874,1.7621097166117436,9743.69764328003,-37.766098976135254,-115.71685792217613,-122.29372708991286,7.105427357601002e-15
affine_coupon_delta,47,last_strike,0.05,9837.171717294324,-60.00888288401868,2.3938686511676,9711.095690727234,-70.36805152893066,-115.71685792217613,-126.0760265670906,0.0
affine_coupon_delta,47,monthly_barrier,-0.05,9931.533244829425,34.35264465108329,0.630907299679341,9828.424453735352,46.96071147918701,-115.71685792217613,-103.10879109407324,0.0
affine_coupon_delta,47,monthly_barrier,-0.025,9915.98736793208,18.80676775373748,0.36203221638619826,9806.18953704834,24.725794792175293,-115.71685792217613,-109.79783088374097,0.0
affine_coupon_delta,47,monthly_barrier,-0.01,9905.105462008718,7.92486183037644,0.1790977097991615,9791.672229766846,10.208487510681152,-115.71685792217613,-113.43323224187225,0.0
affine_coupon_delta,47,monthly_barrier,-0.005,9901.191788621512,4.011188443170112,0.11021813128236534,9786.622524261475,5.158782005310059,-115.71685792217613,-114.56926436003778,0.0
affine_coupon_delta,47,monthly_barrier,0.005,9892.95964473211,-4.220955446231447,0.11321643352599461,9776.192307472229,-5.271434783935547,-115.71685792217613,-116.76733725988015,0.0
affine_coupon_delta,47,monthly_barrier,0.01,9888.629066947964,-8.551533230377297,0.18744625725298078,9770.80523967743,-10.658502578735352,-115.71685792217613,-117.82382727053482,0.0
affine_coupon_delta,47,monthly_barrier,0.025,9874.52964779592,-22.650952382420872,0.4015671459668124,9753.921031951904,-27.542710304260254,-115.71685792217613,-120.60861584401573,3.552713678800501e-15
affine_coupon_delta,47,monthly_barrier,0.05,9847.707857842084,-49.4727423362573,0.7632607516366094,9723.178148269653,-58.28559398651123,-115.71685792217613,-124.52970957243087,0.0
affine_coupon_delta,101,base,0.0,9897.18060017834,0.0,0.0,9733.518958091736,0.0,-163.66164208660484,-163.66164208660484,0.0
affine_coupon_delta,101,coupon_regular,-0.01,9788.809660632509,-108.3709395458348,0.368962743814292,9632.211327552795,-101.30763053894043,-163.66164208660484,-156.59833307971348,1.4210854715202004e-14
affine_coupon_delta,101,coupon_regular,-0.005,9842.995130405425,-54.18546977291786,0.18448137190714434,9682.865142822266,-50.653815269470215,-163.66164208660484,-160.12998758315916,0.0
affine_coupon_delta,101,coupon_regular,-0.0025,9870.087865291882,-27.092734886458302,0.09224068595357501,9708.192348480225,-25.32660961151123,-163.66164208660484,-161.89551681165722,0.0
affine_coupon_delta,101,coupon_regular,-0.001,9886.343506223757,-10.837093954583615,0.03689627438142965,9723.38855266571,-10.13040542602539,-163.66164208660484,-162.95495355804633,0.0
affine_coupon_delta,101,coupon_regular,0.001,9908.017694132925,10.837093954583995,0.036896274381427695,9743.649959564209,10.131001472473145,-163.66164208660484,-164.3677345687156,0.0
affine_coupon_delta,101,coupon_regular,0.0025,9924.273335064798,27.09273488645873,0.09224068595357364,9758.846163749695,25.327205657958984,-163.66164208660484,-165.4271713151029,0.0
affine_coupon_delta,101,coupon_regular,0.005,9951.366069951257,54.18546977291842,0.18448137190714256,9784.172773361206,50.653815269470215,-163.66164208660484,-167.19329659005052,0.0
affine_coupon_delta,101,coupon_regular,0.01,10005.551539724176,108.3709395458364,0.3689627438142877,9834.827184677124,101.30822658538818,-163.66164208660484,-170.7243550470521,0.0
affine_coupon_delta,101,first_strike,-0.05,9922.491215155746,25.31061497740265,2.3146585689961694,9736.813306808472,3.29434871673584,-163.66164208660484,-185.67790834727384,0.0
affine_coupon_delta,101,first_strike,-0.025,9907.829470814837,10.648870636495964,1.5383608104349455,9730.920791625977,-2.5981664657592773,-163.66164208660484,-176.90867918886033,0.0
affine_coupon_delta,101,first_strike,-0.01,9900.846488382682,3.665888204340764,0.9290813217203813,9731.544256210327,-1.9747018814086914,-163.66164208660484,-169.3022321723547,2.220446049250313e-16
affine_coupon_delta,101,first_strike,-0.005,9899.101119055422,1.9205188770812212,0.6638004458576493,9732.38468170166,-1.1342763900756836,-163.66164208660484,-166.71643735376165,0.0
affine_coupon_delta,101,first_strike,0.005,9895.549208840548,-1.6313913377956155,0.633356239119835,9734.930992126465,1.412034034729004,-163.66164208660484,-160.61821671408325,0.0
affine_coupon_delta,101,first_strike,0.01,9894.131526020044,-3.04907415829732,0.8649370669449874,9736.603498458862,3.084540367126465,-163.66164208660484,-157.52802756118217,0.0
affine_coupon_delta,101,first_strike,0.025,9891.169458896306,-6.0111412820366805,1.2629196175846567,9743.003845214844,9.48488712310791,-163.66164208660484,-148.16561368146176,0.0
affine_coupon_delta,101,first_strike,0.05,9887.633997658966,-9.546602519374412,1.652462952462756,9757.062196731567,23.543238639831543,-163.66164208660484,-130.57180092739873,0.0
affine_coupon_delta,101,last_strike,-0.05,9963.828234714749,66.64763453640694,2.6867199502015144,9820.8749294281,87.35597133636475,-163.66164208660484,-142.95330528664817,0.0
affine_coupon_delta,101,last_strike,-0.025,9929.648357428545,32.46775725020124,1.855654125797114,9775.202870368958,41.68391227722168,-163.66164208660484,-154.44548705958732,0.0
affine_coupon_delta,101,last_strike,-0.01,9909.871842589788,12.69124241144626,1.1525839843220127,9749.683737754822,16.164779663085938,-163.66164208660484,-160.188104834966,0.0
affine_coupon_delta,101,last_strike,-0.005,9903.651450932184,6.47085075384287,0.821300882671168,9741.514325141907,7.995367050170898,-163.66164208660484,-162.13712579027742,0.0
affine_coupon_delta,101,last_strike,0.005,9891.271747959006,-5.908852219333651,0.7801067769393171,9725.701212882996,-7.817745208740234,-163.66164208660484,-165.57053507601086,0.0
affine_coupon_delta,101,last_strike,0.01,9884.508708586163,-12.671891592177086,1.1373730481290898,9718.064069747925,-15.454888343811035,-163.66164208660484,-166.44463883823846,0.0
affine_coupon_delta,101,last_strike,0.025,9865.991370369942,-31.18922980839874,1.7621097166117436,9696.265459060669,-37.253499031066895,-163.66164208660484,-169.72591130927322,0.0
affine_coupon_delta,101,last_strike,0.05,9837.171717294324,-60.00888288401868,2.3938686511676,9663.788080215454,-69.73087787628174,-163.66164208660484,-173.38363707887038,0.0
affine_coupon_delta,101,monthly_barrier,-0.05,9931.533244829425,34.35264465108329,0.630907299679341,9775.97713470459,42.458176612854004,-163.66164208660484,-155.55611012483496,7.105427357601002e-15
affine_coupon_delta,101,monthly_barrier,-0.025,9915.98736793208,18.80676775373748,0.36203221638619826,9756.942987442017,23.42402935028076,-163.66164208660484,-159.0443804900642,0.0
affine_coupon_delta,101,monthly_barrier,-0.01,9905.105462008718,7.92486183037644,0.1790977097991615,9743.426442146301,9.90748405456543,-163.66164208660484,-161.67901986241668,0.0
affine_coupon_delta,101,monthly_barrier,-0.005,9901.191788621512,4.011188443170112,0.11021813128236534,9738.56270313263,5.043745040893555,-163.66164208660484,-162.629085488883,0.0
affine_coupon_delta,101,monthly_barrier,0.005,9892.95964473211,-4.220955446231447,0.11321643352599461,9728.294014930725,-5.224943161010742,-163.66164208660484,-164.66562980138406,0.0
affine_coupon_delta,101,monthly_barrier,0.01,9888.629066947964,-8.551533230377297,0.18744625725298078,9722.88727760315,-10.631680488586426,-163.66164208660484,-165.7417893448146,0.0
affine_coupon_delta,101,monthly_barrier,0.025,9874.52964779592,-22.650952382420872,0.4015671459668124,9705.580472946167,-27.938485145568848,-163.66164208660484,-168.94917484975304,0.0
affine_coupon_delta,101,monthly_barrier,0.05,9847.707857842084,-49.4727423362573,0.7632607516366094,9673.171043395996,-60.347914695739746,-163.66164208660484,-174.5368144460881,7.105427357601002e-15
affine_coupon_delta,233,base,0.0,9897.18060017834,0.0,0.0,9690.051674842834,0.0,-207.1289253355062,-207.1289253355062,0.0
affine_coupon_delta,233,coupon_regular,-0.01,9788.809660632509,-108.3709395458348,0.368962743814292,9586.70198917389,-103.34968566894531,-207.1289253355062,-202.10767145861973,1.4210854715202004e-14
affine_coupon_delta,233,coupon_regular,-0.005,9842.995130405425,-54.18546977291786,0.18448137190714434,9638.376832008362,-51.674842834472656,-207.1289253355062,-204.61829839706297,0.0
affine_coupon_delta,233,coupon_regular,-0.0025,9870.087865291882,-27.092734886458302,0.09224068595357501,9664.214253425598,-25.837421417236328,-207.1289253355062,-205.87361186628368,0.0
affine_coupon_delta,233,coupon_regular,-0.001,9886.343506223757,-10.837093954583615,0.03689627438142965,9679.71682548523,-10.33484935760498,-207.1289253355062,-206.62668073852728,0.0
affine_coupon_delta,233,coupon_regular,0.001,9908.017694132925,10.837093954583995,0.036896274381427695,9700.387120246887,10.335445404052734,-207.1289253355062,-207.63057388603738,0.0
affine_coupon_delta,233,coupon_regular,0.0025,9924.273335064798,27.09273488645873,0.09224068595357364,9715.88909626007,25.837421417236328,-207.1289253355062,-208.38423880472692,0.0
affine_coupon_delta,233,coupon_regular,0.005,9951.366069951257,54.18546977291842,0.18448137190714256,9741.727113723755,51.67543888092041,-207.1289253355062,-209.6389562275017,0.0
affine_coupon_delta,233,coupon_regular,0.01,10005.551539724176,108.3709395458364,0.3689627438142877,9793.401956558228,103.35028171539307,-207.1289253355062,-212.14958316594857,1.4210854715202004e-14
affine_coupon_delta,233,first_strike,-0.05,9922.491215155746,25.31061497740265,2.3146585689961694,9716.101884841919,26.050209999084473,-207.1289253355062,-206.38933031382658,3.552713678800501e-15
affine_coupon_delta,233,first_strike,-0.025,9907.829470814837,10.648870636495964,1.5383608104349455,9700.295329093933,10.243654251098633,-207.1289253355062,-207.5341417209038,0.0
affine_coupon_delta,233,first_strike,-0.01,9900.846488382682,3.665888204340764,0.9290813217203813,9693.592190742493,3.540515899658203,-207.1289253355062,-207.25429764018918,0.0
affine_coupon_delta,233,first_strike,-0.005,9899.101119055422,1.9205188770812212,0.6638004458576493,9691.738486289978,1.6868114471435547,-207.1289253355062,-207.36263276544378,2.220446049250313e-16
affine_coupon_delta,233,first_strike,0.005,9895.549208840548,-1.6313913377956155,0.633356239119835,9688.51923942566,-1.532435417175293,-207.1289253355062,-207.0299694148889,0.0
affine_coupon_delta,233,first_strike,0.01,9894.131526020044,-3.04907415829732,0.8649370669449874,9687.127470970154,-2.924203872680664,-207.1289253355062,-207.00405504989067,0.0
affine_coupon_delta,233,first_strike,0.025,9891.169458896306,-6.0111412820366805,1.2629196175846567,9683.676958084106,-6.374716758728027,-207.1289253355062,-207.49250081219907,0.0
affine_coupon_delta,233,first_strike,0.05,9887.633997658966,-9.546602519374412,1.652462952462756,9679.68463897705,-10.367035865783691,-207.1289253355062,-207.94935868191533,0.0
affine_coupon_delta,233,last_strike,-0.05,9963.828234714749,66.64763453640694,2.6867199502015144,9768.706560134888,78.65488529205322,-207.1289253355062,-195.12167457986106,0.0
affine_coupon_delta,233,last_strike,-0.025,9929.648357428545,32.46775725020124,1.855654125797114,9727.153182029724,37.10150718688965,-207.1289253355062,-202.49517539882072,0.0
affine_coupon_delta,233,last_strike,-0.01,9909.871842589788,12.69124241144626,1.1525839843220127,9704.304933547974,14.25325870513916,-207.1289253355062,-205.56690904181414,0.0
affine_coupon_delta,233,last_strike,-0.005,9903.651450932184,6.47085075384287,0.821300882671168,9697.076678276062,7.025003433227539,-207.1289253355062,-206.57477265612215,0.0
affine_coupon_delta,233,last_strike,0.005,9891.271747959006,-5.908852219333651,0.7801067769393171,9683.235883712769,-6.815791130065918,-207.1289253355062,-208.0358642462379,0.0
affine_coupon_delta,233,last_strike,0.01,9884.508708586163,-12.671891592177086,1.1373730481290898,9676.63288116455,-13.418793678283691,-207.1289253355062,-207.87582742161248,0.0
affine_coupon_delta,233,last_strike,0.025,9865.991370369942,-31.18922980839874,1.7621097166117436,9658.14232826233,-31.90934658050537,-207.1289253355062,-207.84904210761306,0.0
affine_coupon_delta,233,last_strike,0.05,9837.171717294324,-60.00888288401868,2.3938686511676,9631.845355033875,-58.20631980895996,-207.1289253355062,-205.32636226044997,0.0
affine_coupon_delta,233,monthly_barrier,-0.05,9931.533244829425,34.35264465108329,0.630907299679341,9742.030501365662,51.97882652282715,-207.1289253355062,-189.50274346376318,0.0
affine_coupon_delta,233,monthly_barrier,-0.025,9915.98736793208,18.80676775373748,0.36203221638619826,9717.077016830444,27.025341987609863,-207.1289253355062,-198.91035110163648,0.0
affine_coupon_delta,233,monthly_barrier,-0.01,9905.105462008718,7.92486183037644,0.1790977097991615,9701.113104820251,11.061429977416992,-207.1289253355062,-203.99235718846649,0.0
affine_coupon_delta,233,monthly_barrier,-0.005,9901.191788621512,4.011188443170112,0.11021813128236534,9695.624113082886,5.5724382400512695,-207.1289253355062,-205.56767553862664,0.0
affine_coupon_delta,233,monthly_barrier,0.005,9892.95964473211,-4.220955446231447,0.11321643352599461,9684.395790100098,-5.655884742736816,-207.1289253355062,-208.5638546320115,0.0
affine_coupon_delta,233,monthly_barrier,0.01,9888.629066947964,-8.551533230377297,0.18744625725298078,9678.656458854675,-11.39521598815918,-207.1289253355062,-209.97260809328873,0.0
affine_coupon_delta,233,monthly_barrier,0.025,9874.52964779592,-22.650952382420872,0.4015671459668124,9660.943150520325,-29.108524322509766,-207.1289253355062,-213.58649727559532,3.552713678800501e-15
affine_coupon_delta,233,monthly_barrier,0.05,9847.707857842084,-49.4727423362573,0.7632607516366094,9629.821181297302,-60.23049354553223,-207.1289253355062,-217.88667654478195,0.0
affine_coupon_delta,ensemble,base,0.0,9897.18060017834,0.0,0.0,9735.011458396912,0.0,-162.16914178142906,-162.16914178142906,0.0
affine_coupon_delta,ensemble,coupon_regular,-0.01,9788.809660632509,-108.3709395458348,0.368962743814292,9634.359081586203,-100.65237681070927,-162.16914178142906,-154.4505790463063,1.4210854715202004e-14
affine_coupon_delta,ensemble,coupon_regular,-0.005,9842.995130405425,-54.18546977291786,0.18448137190714434,9684.685269991556,-50.32618840535519,-162.16914178142906,-158.3098604138686,0.0
affine_coupon_delta,ensemble,coupon_regular,-0.0025,9870.087865291882,-27.092734886458302,0.09224068595357501,9709.848364194235,-25.163094202677037,-162.16914178142906,-160.239501097647,3.552713678800501e-15
affine_coupon_delta,ensemble,coupon_regular,-0.001,9886.343506223757,-10.837093954583615,0.03689627438142965,9724.94641939799,-10.065038998922082,-162.16914178142906,-161.39708682576747,0.0
affine_coupon_delta,ensemble,coupon_regular,0.001,9908.017694132925,10.837093954583995,0.036896274381427695,9745.076894760132,10.065436363220215,-162.16914178142906,-162.94079937279275,1.7763568394002505e-15
affine_coupon_delta,ensemble,coupon_regular,0.0025,9924.273335064798,27.09273488645873,0.09224068595357364,9760.174751281738,25.16329288482666,-162.16914178142906,-164.09858378305944,0.0
affine_coupon_delta,ensemble,coupon_regular,0.005,9951.366069951257,54.18546977291842,0.18448137190714256,9785.337845484415,50.3263870875037,-162.16914178142906,-166.0282244668415,0.0
affine_coupon_delta,ensemble,coupon_regular,0.01,10005.551539724176,108.3709395458364,0.3689627438142877,9835.664431254068,100.65297285715702,-162.16914178142906,-169.8871084701077,0.0
affine_coupon_delta,ensemble,first_strike,-0.05,9922.491215155746,25.31061497740265,2.3146585689961694,9748.679995536804,13.668537139892578,-162.16914178142906,-173.81121961894132,0.0
affine_coupon_delta,ensemble,first_strike,-0.025,9907.829470814837,10.648870636495964,1.5383608104349455,9738.074739774069,3.0632813771569456,-162.16914178142906,-169.7547310407681,0.0
affine_coupon_delta,ensemble,first_strike,-0.01,9900.846488382682,3.665888204340764,0.9290813217203813,9735.43663819631,0.42517979939815653,-162.16914178142906,-165.40985018637184,5.551115123125783e-17
affine_coupon_delta,ensemble,first_strike,-0.005,9899.101119055422,1.9205188770812212,0.6638004458576493,9735.100269317627,0.08881092071533203,-162.16914178142906,-164.00084973779485,2.7755575615628914e-17
affine_coupon_delta,ensemble,first_strike,0.005,9895.549208840548,-1.6313913377956155,0.633356239119835,9735.155701637268,0.1442432403564453,-162.16914178142906,-160.39350720328002,0.0
affine_coupon_delta,ensemble,first_strike,0.01,9894.131526020044,-3.04907415829732,0.8649370669449874,9735.517303148905,0.505844751993445,-162.16914178142906,-158.61422287113965,0.0
affine_coupon_delta,ensemble,first_strike,0.025,9891.169458896306,-6.0111412820366805,1.2629196175846567,9737.759431203207,2.747972806295129,-162.16914178142906,-153.41002769309853,0.0
affine_coupon_delta,ensemble,first_strike,0.05,9887.633997658966,-9.546602519374412,1.652462952462756,9744.446674982706,9.435216585794715,-162.16914178142906,-143.18732267626,1.7763568394002505e-15
affine_coupon_delta,ensemble,last_strike,-0.05,9963.828234714749,66.64763453640694,2.6867199502015144,9819.536010424295,84.52455202738408,-162.16914178142906,-144.2922242904533,0.0
affine_coupon_delta,ensemble,last_strike,-0.025,9929.648357428545,32.46775725020124,1.855654125797114,9775.301814079285,40.29035568237305,-162.16914178142906,-154.34654334926017,0.0
affine_coupon_delta,ensemble,last_strike,-0.01,9909.871842589788,12.69124241144626,1.1525839843220127,9750.606616338095,15.595157941182825,-162.16914178142906,-159.2652262516931,0.0
affine_coupon_delta,ensemble,last_strike,-0.005,9903.651450932184,6.47085075384287,0.821300882671168,9742.71853764852,7.707079251607629,-162.16914178142906,-160.93291328366467,0.0
affine_coupon_delta,ensemble,last_strike,0.005,9891.271747959006,-5.908852219333651,0.7801067769393171,9727.49094168345,-7.5205167134606565,-162.16914178142906,-163.78080627555573,8.881784197001252e-16
affine_coupon_delta,ensemble,last_strike,0.01,9884.508708586163,-12.671891592177086,1.1373730481290898,9720.16175587972,-14.849702517191199,-162.16914178142906,-164.3469527064426,1.7763568394002505e-15
affine_coupon_delta,ensemble,last_strike,0.025,9865.991370369942,-31.18922980839874,1.7621097166117436,9699.368476867676,-35.64298152923584,-162.16914178142906,-166.62289350226638,0.0
affine_coupon_delta,ensemble,last_strike,0.05,9837.171717294324,-60.00888288401868,2.3938686511676,9668.909708658854,-66.10174973805782,-162.16914178142906,-168.26200863547092,0.0
affine_coupon_delta,ensemble,monthly_barrier,-0.05,9931.533244829425,34.35264465108329,0.630907299679341,9782.144029935202,47.13257153828976,-162.16914178142906,-149.3892148942232,0.0
affine_coupon_delta,ensemble,monthly_barrier,-0.025,9915.98736793208,18.80676775373748,0.36203221638619826,9760.069847106934,25.058388710021973,-162.16914178142906,-155.91752082514722,0.0
affine_coupon_delta,ensemble,monthly_barrier,-0.01,9905.105462008718,7.92486183037644,0.1790977097991615,9745.403925577799,10.392467180887488,-162.16914178142906,-159.70153643091908,0.0
affine_coupon_delta,ensemble,monthly_barrier,-0.005,9901.191788621512,4.011188443170112,0.11021813128236534,9740.269780158997,5.258321762084961,-162.16914178142906,-160.9220084625158,0.0
affine_coupon_delta,ensemble,monthly_barrier,0.005,9892.95964473211,-4.220955446231447,0.11321643352599461,9729.62737083435,-5.384087562561035,-162.16914178142906,-163.33227389775857,0.0
affine_coupon_delta,ensemble,monthly_barrier,0.01,9888.629066947964,-8.551533230377297,0.18744625725298078,9724.116325378418,-10.895133018493652,-162.16914178142906,-164.51274156954605,0.0
affine_coupon_delta,ensemble,monthly_barrier,0.025,9874.52964779592,-22.650952382420872,0.4015671459668124,9706.814885139465,-28.19657325744629,-162.16914178142906,-167.7147626564547,0.0
affine_coupon_delta,ensemble,monthly_barrier,0.05,9847.707857842084,-49.4727423362573,0.7632607516366094,9675.390124320984,-59.621334075927734,-162.16914178142906,-172.3177335211003,7.105427357601002e-15
